index,AÃ±o,Trimestre,Provincia,Mbps (Media de bajada),Accesos por cada 100 hab,Accesos por cada 100 hogares,Latitud,Longitud
0,2023,4,BUENOS AIRES,158.49,27.68,80.96,-35.633728326052875,-59.695392866402734
2,2023,4,CATAMARCA,89.4,17.46,68.63,-27.97273476331947,-66.12713970412685
3,2023,4,CHACO,107.14,11.85,44.35,-26.86207729911804,-60.15511735633289
4,2023,4,CHUBUT,20.29,26.04,84.96,-44.077151734192086,-68.66765299463769
5,2023,4,CORDOBA,114.03,27.76,90.67,-31.846608244153405,-63.96214628932277
6,2023,4,CORRIENTES,100.9,13.84,52.56,-28.61578113415668,-57.97533573736128
7,2023,4,ENTRE RIOS,101.18,20.91,69.94,-31.925167566210387,-59.26302098168299
8,2023,4,FORMOSA,83.35,9.98,39.23,-25.09315954739276,-59.46860152020448
9,2023,4,JUJUY,46.2,14.77,57.78,-23.523573011085336,-65.43805280478172
10,2023,4,LA PAMPA,25.61,32.93,99.96,-36.47714174789248,-64.4553406128059
11,2023,4,LA RIOJA,64.18,21.35,80.22,-29.330863895517307,-67.13983451857555
12,2023,4,MENDOZA,49.46,14.55,52.15,-33.368795530481485,-68.68534600457129
13,2023,4,MISIONES,93.65,15.33,56.27,-27.058215458325986,-54.96724865075839
14,2023,4,NEUQUEN,99.63,23.78,79.91,-38.49954335558701,-69.8742115743201
15,2023,4,RIO NEGRO,74.37,21.61,70.26,-39.89645026413934,-67.6105113380815
16,2023,4,SALTA,83.04,13.8,56.98,-24.248013631473587,-64.70250708135784
17,2023,4,SAN JUAN,24.78,12.75,50.08,-31.31442612644254,-68.50334378949645
18,2023,4,SAN LUIS,174.59,29.21,102.07,-32.98264595285886,-65.88683861327827
19,2023,4,SANTA CRUZ,36.77,21.94,73.75,-48.863730255517886,-69.86373350526509
20,2023,4,SANTA FE,99.81,25.08,79.75,-31.64634283294476,-61.04726054930406
21,2023,4,SANTIAGO DEL ESTERO,44.22,12.18,49.08,-27.784103764741893,-63.62189998971087
22,2023,4,TIERRA DEL FUEGO,17.92,32.75,110.49,-62.35015217161648,-59.53190998460846
23,2023,4,TUCUMAN,101.55,15.12,61.04,-26.998180477681764,-65.29453734502505
24,2023,3,BUENOS AIRES,146.84,27.5,80.64,-35.633728326052875,-59.695392866402734
26,2023,3,CATAMARCA,87.9,17.44,68.55,-27.97273476331947,-66.12713970412685
27,2023,3,CHACO,107.5,11.46,42.87,-26.86207729911804,-60.15511735633289
28,2023,3,CHUBUT,19.26,25.82,84.23,-44.077151734192086,-68.66765299463769
29,2023,3,CORDOBA,111.5,27.57,90.05,-31.846608244153405,-63.96214628932277
30,2023,3,CORRIENTES,99.64,13.9,52.78,-28.61578113415668,-57.97533573736128
31,2023,3,ENTRE RIOS,96.26,20.58,68.84,-31.925167566210387,-59.26302098168299
32,2023,3,FORMOSA,80.29,9.89,38.86,-25.09315954739276,-59.46860152020448
33,2023,3,JUJUY,44.55,14.73,57.61,-23.523573011085336,-65.43805280478172
34,2023,3,LA PAMPA,24.21,32.62,99.0,-36.47714174789248,-64.4553406128059
35,2023,3,LA RIOJA,63.84,21.41,80.44,-29.330863895517307,-67.13983451857555
36,2023,3,MENDOZA,46.96,14.52,52.03,-33.368795530481485,-68.68534600457129
37,2023,3,MISIONES,91.49,15.12,55.51,-27.058215458325986,-54.96724865075839
38,2023,3,NEUQUEN,96.57,23.8,79.97,-38.49954335558701,-69.8742115743201
39,2023,3,RIO NEGRO,70.93,21.04,68.4,-39.89645026413934,-67.6105113380815
40,2023,3,SALTA,80.8,13.94,57.57,-24.248013631473587,-64.70250708135784
41,2023,3,SAN JUAN,24.45,12.85,50.45,-31.31442612644254,-68.50334378949645
42,2023,3,SAN LUIS,104.97,28.2,98.55,-32.98264595285886,-65.88683861327827
43,2023,3,SANTA CRUZ,15.67,12.17,40.89,-48.863730255517886,-69.86373350526509
44,2023,3,SANTA FE,97.39,24.87,79.09,-31.64634283294476,-61.04726054930406
45,2023,3,SANTIAGO DEL ESTERO,41.46,12.08,48.67,-27.784103764741893,-63.62189998971087
46,2023,3,TIERRA DEL FUEGO,17.17,31.41,105.95,-62.35015217161648,-59.53190998460846
47,2023,3,TUCUMAN,98.85,15.17,61.26,-26.998180477681764,-65.29453734502505
48,2023,2,BUENOS AIRES,138.35,27.1,79.67,-35.633728326052875,-59.695392866402734
50,2023,2,CATAMARCA,86.13,17.15,67.42,-27.97273476331947,-66.12713970412685
51,2023,2,CHACO,105.45,11.46,42.87,-26.86207729911804,-60.15511735633289
52,2023,2,CHUBUT,18.58,25.28,82.49,-44.077151734192086,-68.66765299463769
53,2023,2,CORDOBA,111.82,27.59,90.13,-31.846608244153405,-63.96214628932277
54,2023,2,CORRIENTES,97.21,13.79,52.37,-28.61578113415668,-57.97533573736128
55,2023,2,ENTRE RIOS,89.37,19.26,64.43,-31.925167566210387,-59.26302098168299
56,2023,2,FORMOSA,77.32,9.75,38.32,-25.09315954739276,-59.46860152020448
57,2023,2,JUJUY,43.56,14.78,57.78,-23.523573011085336,-65.43805280478172
58,2023,2,LA PAMPA,22.78,32.4,98.35,-36.47714174789248,-64.4553406128059
59,2023,2,LA RIOJA,63.55,21.3,80.01,-29.330863895517307,-67.13983451857555
60,2023,2,MENDOZA,42.69,14.54,52.09,-33.368795530481485,-68.68534600457129
61,2023,2,MISIONES,90.55,15.03,55.18,-27.058215458325986,-54.96724865075839
62,2023,2,NEUQUEN,93.97,23.5,78.97,-38.49954335558701,-69.8742115743201
63,2023,2,RIO NEGRO,70.76,21.09,68.56,-39.89645026413934,-67.6105113380815
64,2023,2,SALTA,79.1,13.92,57.48,-24.248013631473587,-64.70250708135784
65,2023,2,SAN JUAN,20.39,12.1,47.52,-31.31442612644254,-68.50334378949645
66,2023,2,SAN LUIS,103.84,26.73,93.41,-32.98264595285886,-65.88683861327827
67,2023,2,SANTA CRUZ,15.48,12.39,41.66,-48.863730255517886,-69.86373350526509
68,2023,2,SANTA FE,94.87,24.79,78.83,-31.64634283294476,-61.04726054930406
69,2023,2,SANTIAGO DEL ESTERO,37.62,11.7,47.14,-27.784103764741893,-63.62189998971087
70,2023,2,TIERRA DEL FUEGO,16.92,31.54,106.38,-62.35015217161648,-59.53190998460846
71,2023,2,TUCUMAN,96.69,15.05,60.75,-26.998180477681764,-65.29453734502505
72,2023,1,BUENOS AIRES,116.18,26.81,79.0,-35.633728326052875,-59.695392866402734
74,2023,1,CATAMARCA,87.41,16.83,66.17,-27.97273476331947,-66.12713970412685
75,2023,1,CHACO,104.33,11.53,43.15,-26.86207729911804,-60.15511735633289
76,2023,1,CHUBUT,18.36,26.32,85.89,-44.077151734192086,-68.66765299463769
77,2023,1,CORDOBA,109.57,27.2,88.84,-31.846608244153405,-63.96214628932277
78,2023,1,CORRIENTES,94.8,13.71,52.05,-28.61578113415668,-57.97533573736128
79,2023,1,ENTRE RIOS,86.71,19.37,64.79,-31.925167566210387,-59.26302098168299
80,2023,1,FORMOSA,73.96,9.87,38.79,-25.09315954739276,-59.46860152020448
81,2023,1,JUJUY,42.75,14.88,58.2,-23.523573011085336,-65.43805280478172
82,2023,1,LA PAMPA,20.09,31.81,96.55,-36.47714174789248,-64.4553406128059
83,2023,1,LA RIOJA,63.13,21.23,79.74,-29.330863895517307,-67.13983451857555
84,2023,1,MENDOZA,41.45,14.34,51.4,-33.368795530481485,-68.68534600457129
85,2023,1,MISIONES,89.81,14.7,53.97,-27.058215458325986,-54.96724865075839
86,2023,1,NEUQUEN,93.42,23.38,78.55,-38.49954335558701,-69.8742115743201
87,2023,1,RIO NEGRO,74.4,21.27,69.16,-39.89645026413934,-67.6105113380815
88,2023,1,SALTA,76.85,13.97,57.67,-24.248013631473587,-64.70250708135784
89,2023,1,SAN JUAN,18.7,12.67,49.75,-31.31442612644254,-68.50334378949645
90,2023,1,SAN LUIS,55.85,25.8,90.17,-32.98264595285886,-65.88683861327827
91,2023,1,SANTA CRUZ,14.98,12.92,43.42,-48.863730255517886,-69.86373350526509
92,2023,1,SANTA FE,92.22,24.57,78.13,-31.64634283294476,-61.04726054930406
93,2023,1,SANTIAGO DEL ESTERO,36.27,11.8,47.55,-27.784103764741893,-63.62189998971087
94,2023,1,TIERRA DEL FUEGO,14.58,30.9,104.23,-62.35015217161648,-59.53190998460846
95,2023,1,TUCUMAN,95.79,14.95,60.34,-26.998180477681764,-65.29453734502505
96,2022,4,BUENOS AIRES,111.0,26.72,78.94,-35.633728326052875,-59.695392866402734
98,2022,4,CATAMARCA,83.33,16.73,65.77,-27.97273476331947,-66.12713970412685
99,2022,4,CHACO,104.02,11.66,43.62,-26.86207729911804,-60.15511735633289
100,2022,4,CHUBUT,15.92,26.23,85.57,-44.077151734192086,-68.66765299463769
101,2022,4,CORDOBA,108.77,27.26,89.03,-31.846608244153405,-63.96214628932277
102,2022,4,CORRIENTES,94.72,13.6,51.64,-28.61578113415668,-57.97533573736128
103,2022,4,ENTRE RIOS,87.47,19.14,64.01,-31.925167566210387,-59.26302098168299
104,2022,4,FORMOSA,72.03,10.03,39.41,-25.09315954739276,-59.46860152020448
105,2022,4,JUJUY,39.32,14.95,58.46,-23.523573011085336,-65.43805280478172
106,2022,4,LA PAMPA,19.1,31.23,94.8,-36.47714174789248,-64.4553406128059
107,2022,4,LA RIOJA,61.0,21.26,79.86,-29.330863895517307,-67.13983451857555
108,2022,4,MENDOZA,38.76,14.33,51.36,-33.368795530481485,-68.68534600457129
109,2022,4,MISIONES,91.24,14.39,52.85,-27.058215458325986,-54.96724865075839
110,2022,4,NEUQUEN,95.37,23.41,78.67,-38.49954335558701,-69.8742115743201
111,2022,4,RIO NEGRO,75.31,21.04,68.42,-39.89645026413934,-67.6105113380815
112,2022,4,SALTA,75.93,14.04,57.96,-24.248013631473587,-64.70250708135784
113,2022,4,SAN JUAN,16.39,12.96,50.88,-31.31442612644254,-68.50334378949645
114,2022,4,SAN LUIS,30.67,25.83,90.27,-32.98264595285886,-65.88683861327827
115,2022,4,SANTA CRUZ,14.33,12.95,43.53,-48.863730255517886,-69.86373350526509
116,2022,4,SANTA FE,90.3,24.65,78.4,-31.64634283294476,-61.04726054930406
117,2022,4,SANTIAGO DEL ESTERO,34.4,11.92,48.05,-27.784103764741893,-63.62189998971087
118,2022,4,TIERRA DEL FUEGO,13.48,30.07,101.44,-62.35015217161648,-59.53190998460846
119,2022,4,TUCUMAN,88.33,15.12,61.04,-26.998180477681764,-65.29453734502505
120,2022,3,BUENOS AIRES,70.19,26.37,78.11,-35.633728326052875,-59.695392866402734
122,2022,3,CATAMARCA,60.99,16.62,65.33,-27.97273476331947,-66.12713970412685
123,2022,3,CHACO,53.21,11.72,43.86,-26.86207729911804,-60.15511735633289
124,2022,3,CHUBUT,15.57,25.86,84.38,-44.077151734192086,-68.66765299463769
125,2022,3,CORDOBA,56.32,27.04,88.31,-31.846608244153405,-63.96214628932277
126,2022,3,CORRIENTES,45.07,12.69,48.21,-28.61578113415668,-57.97533573736128
127,2022,3,ENTRE RIOS,42.49,19.04,63.67,-31.925167566210387,-59.26302098168299
128,2022,3,FORMOSA,30.35,11.14,43.76,-25.09315954739276,-59.46860152020448
129,2022,3,JUJUY,32.43,15.06,58.91,-23.523573011085336,-65.43805280478172
130,2022,3,LA PAMPA,18.1,31.82,96.59,-36.47714174789248,-64.4553406128059
131,2022,3,LA RIOJA,44.3,21.47,80.66,-29.330863895517307,-67.13983451857555
132,2022,3,MENDOZA,34.16,14.24,51.03,-33.368795530481485,-68.68534600457129
133,2022,3,MISIONES,49.3,14.11,51.82,-27.058215458325986,-54.96724865075839
134,2022,3,NEUQUEN,47.81,23.92,80.37,-38.49954335558701,-69.8742115743201
135,2022,3,RIO NEGRO,34.13,20.91,67.98,-39.89645026413934,-67.6105113380815
136,2022,3,SALTA,41.33,13.99,57.76,-24.248013631473587,-64.70250708135784
137,2022,3,SAN JUAN,15.84,12.94,50.8,-31.31442612644254,-68.50334378949645
138,2022,3,SAN LUIS,19.33,23.39,81.74,-32.98264595285886,-65.88683861327827
139,2022,3,SANTA CRUZ,12.6,12.85,43.19,-48.863730255517886,-69.86373350526509
140,2022,3,SANTA FE,45.15,24.7,78.55,-31.64634283294476,-61.04726054930406
141,2022,3,SANTIAGO DEL ESTERO,17.69,11.91,47.98,-27.784103764741893,-63.62189998971087
142,2022,3,TIERRA DEL FUEGO,11.01,29.5,99.51,-62.35015217161648,-59.53190998460846
143,2022,3,TUCUMAN,53.36,15.14,61.14,-26.998180477681764,-65.29453734502505
144,2022,2,BUENOS AIRES,65.5,26.12927127832741,77.58,-35.633728326052875,-59.695392866402734
146,2022,2,CATAMARCA,56.56,15.871790195247083,62.4,-27.97273476331947,-66.12713970412685
147,2022,2,CHACO,50.61,11.70254390369554,43.79,-26.86207729911804,-60.15511735633289
148,2022,2,CHUBUT,14.91,25.499919336270644,83.19,-44.077151734192086,-68.66765299463769
149,2022,2,CORDOBA,53.51,26.781590841133493,87.48,-31.846608244153405,-63.96214628932277
150,2022,2,CORRIENTES,43.31,12.732146965383649,48.35,-28.61578113415668,-57.97533573736128
151,2022,2,ENTRE RIOS,40.03,19.10468595065942,63.9,-31.925167566210387,-59.26302098168299
152,2022,2,FORMOSA,28.47,11.049814591140091,43.42,-25.09315954739276,-59.46860152020448
153,2022,2,JUJUY,29.39,14.656913524540675,57.32,-23.523573011085336,-65.43805280478172
154,2022,2,LA PAMPA,16.07,30.632721559665782,92.98,-36.47714174789248,-64.4553406128059
155,2022,2,LA RIOJA,43.28,21.331409216914373,80.14,-29.330863895517307,-67.13983451857555
156,2022,2,MENDOZA,29.72,13.782233784570575,49.39,-33.368795530481485,-68.68534600457129
157,2022,2,MISIONES,46.23,13.89002818196789,51.0,-27.058215458325986,-54.96724865075839
158,2022,2,NEUQUEN,46.53,23.81745752817118,80.02,-38.49954335558701,-69.8742115743201
159,2022,2,RIO NEGRO,33.26,20.867543527383397,67.85,-39.89645026413934,-67.6105113380815
160,2022,2,SALTA,38.77,13.936010557448652,57.54,-24.248013631473587,-64.70250708135784
161,2022,2,SAN JUAN,14.44,12.597912455631214,49.46,-31.31442612644254,-68.50334378949645
162,2022,2,SAN LUIS,19.32,23.396972678771853,81.76,-32.98264595285886,-65.88683861327827
163,2022,2,SANTA CRUZ,11.81,12.83962283852644,43.15,-48.863730255517886,-69.86373350526509
164,2022,2,SANTA FE,42.01,24.495906799164608,77.9,-31.64634283294476,-61.04726054930406
165,2022,2,SANTIAGO DEL ESTERO,16.34,11.836737968128928,47.7,-27.784103764741893,-63.62189998971087
166,2022,2,TIERRA DEL FUEGO,10.97,29.60495526496903,99.86,-62.35015217161648,-59.53190998460846
167,2022,2,TUCUMAN,50.09,14.6914572899128,59.31,-26.998180477681764,-65.29453734502505
168,2022,1,BUENOS AIRES,62.51,25.563030152028357,76.07814661157262,-35.633728326052875,-59.695392866402734
170,2022,1,CATAMARCA,51.22,14.805619574995312,58.20635083561171,-27.97273476331947,-66.12713970412685
171,2022,1,CHACO,45.84,11.775342040436144,44.05948009941883,-26.86207729911804,-60.15511735633289
172,2022,1,CHUBUT,13.4,26.9887596631044,88.05274093835774,-44.077151734192086,-68.66765299463769
173,2022,1,CORDOBA,49.89,26.255262218351167,85.75745356313551,-31.846608244153405,-63.96214628932277
174,2022,1,CORRIENTES,38.11,12.545281287312791,47.644635141502334,-28.61578113415668,-57.97533573736128
175,2022,1,ENTRE RIOS,35.59,19.04540527092108,63.70090347123158,-31.925167566210387,-59.26302098168299
176,2022,1,FORMOSA,30.28,8.896427435598431,34.955686995751336,-25.09315954739276,-59.46860152020448
177,2022,1,JUJUY,27.69,14.847641828629394,58.06462866426784,-23.523573011085336,-65.43805280478172
178,2022,1,LA PAMPA,14.84,30.20041503140257,91.66332531408716,-36.47714174789248,-64.4553406128059
179,2022,1,LA RIOJA,41.37,20.96917417226944,78.77459866564503,-29.330863895517307,-67.13983451857555
180,2022,1,MENDOZA,26.2,13.5994765497552,48.73524093558345,-33.368795530481485,-68.68534600457129
181,2022,1,MISIONES,41.87,13.357539336702546,49.04334199772953,-27.058215458325986,-54.96724865075839
182,2022,1,NEUQUEN,43.05,22.07746042609429,74.17305509992715,-38.49954335558701,-69.8742115743201
183,2022,1,RIO NEGRO,31.09,20.61822984084394,67.03640754987029,-39.89645026413934,-67.6105113380815
184,2022,1,SALTA,36.71,13.588166053353753,56.10759340849759,-24.248013631473587,-64.70250708135784
185,2022,1,SAN JUAN,11.99,11.092116468606635,43.54598160933163,-31.31442612644254,-68.50334378949645
186,2022,1,SAN LUIS,20.95,23.101656231687382,80.72423060601774,-32.98264595285886,-65.88683861327827
187,2022,1,SANTA CRUZ,10.89,12.894297328809571,43.33842311053054,-48.863730255517886,-69.86373350526509
188,2022,1,SANTA FE,38.89,24.30739699893441,77.30458474758402,-31.64634283294476,-61.04726054930406
189,2022,1,SANTIAGO DEL ESTERO,14.5,11.706882132029495,47.17273839324049,-27.784103764741893,-63.62189998971087
190,2022,1,TIERRA DEL FUEGO,10.73,29.13865104068589,98.29055038672794,-62.35015217161648,-59.53190998460846
191,2022,1,TUCUMAN,47.24,14.215533334298076,57.39003227231194,-26.998180477681764,-65.29453734502505
192,2021,4,BUENOS AIRES,60.2091238315554,25.36251411440295,75.66410602338475,-35.633728326052875,-59.695392866402734
194,2021,4,CATAMARCA,46.380057758939095,14.054223759225389,55.2526999859741,-27.97273476331947,-66.12713970412685
195,2021,4,CHACO,42.342637514688604,11.772399458164148,44.04856389025934,-26.86207729911804,-60.15511735633289
196,2021,4,CHUBUT,9.082660638555469,25.309325144656967,82.57340063871433,-44.077151734192086,-68.66765299463769
197,2021,4,CORDOBA,46.36090745799214,25.873153715537683,84.50941853046088,-31.846608244153405,-63.96214628932277
198,2021,4,CORRIENTES,35.772659194287044,11.983198552620909,45.51016102946347,-28.61578113415668,-57.97533573736128
199,2021,4,ENTRE RIOS,33.31712584167462,18.88227767661483,63.15536143616578,-31.925167566210387,-59.26302098168299
200,2021,4,FORMOSA,28.75764894769421,8.768865242200624,34.4545746388443,-25.09315954739276,-59.46860152020448
201,2021,4,JUJUY,27.14434303841708,14.555241944242493,56.921070514870486,-23.523573011085336,-65.43805280478172
202,2021,4,LA PAMPA,13.853882842854397,29.509892061530994,89.56734270241313,-36.47714174789248,-64.4553406128059
203,2021,4,LA RIOJA,39.69594513667998,20.74238205028396,77.9234900964576,-29.330863895517307,-67.13983451857555
204,2021,4,MENDOZA,22.23158340100516,13.25625900699059,47.50531709031775,-33.368795530481485,-68.68534600457129
205,2021,4,MISIONES,38.90334925090757,13.363319043268442,49.06462073058497,-27.058215458325986,-54.96724865075839
206,2021,4,NEUQUEN,40.092530111167584,21.817563119077384,73.30016254020012,-38.49954335558701,-69.8742115743201
207,2021,4,RIO NEGRO,27.20317045489215,20.205613568445425,65.69489961160652,-39.89645026413934,-67.6105113380815
208,2021,4,SALTA,33.940639744985226,13.759337691497716,56.81442605762217,-24.248013631473587,-64.70250708135784
209,2021,4,SAN JUAN,11.05274930815778,10.084133235970333,39.588851864871685,-31.31442612644254,-68.50334378949645
210,2021,4,SAN LUIS,20.90972444801464,22.97895624197615,80.29578283135379,-32.98264595285886,-65.88683861327827
211,2021,4,SANTA CRUZ,8.990650984477549,12.808821353847454,43.05121466117346,-48.863730255517886,-69.86373350526509
212,2021,4,SANTA FE,36.024023837275145,24.23965799751964,77.08920179439227,-31.64634283294476,-61.04726054930406
213,2021,4,SANTIAGO DEL ESTERO,13.84088684951507,11.675440470480114,47.0459491943867,-27.784103764741893,-63.62189998971087
214,2021,4,TIERRA DEL FUEGO,10.696704944050463,29.171007839182543,98.40061644865432,-62.35015217161648,-59.53190998460846
215,2021,4,TUCUMAN,45.14812243339947,13.852880446424065,55.92599102424391,-26.998180477681764,-65.29453734502505
216,2021,3,BUENOS AIRES,56.25755092469591,23.96989190399953,71.68218940101933,-35.633728326052875,-59.695392866402734
218,2021,3,CATAMARCA,43.43333599763174,13.407472376612356,52.70979348600128,-27.97273476331947,-66.12713970412685
219,2021,3,CHACO,39.113135809207584,11.48213456009956,42.96241007967663,-26.86207729911804,-60.15511735633289
220,2021,3,CHUBUT,8.176860363136605,24.738375502880167,80.70973847657562,-44.077151734192086,-68.66765299463769
221,2021,3,CORDOBA,41.92778724566202,24.885957628675676,81.2845665540848,-31.846608244153405,-63.96214628932277
222,2021,3,CORRIENTES,32.16890082785829,11.8228555121759,44.90088312664412,-28.61578113415668,-57.97533573736128
223,2021,3,ENTRE RIOS,29.60123187949277,18.590565595869126,62.17940145385769,-31.925167566210387,-59.26302098168299
224,2021,3,FORMOSA,26.68942678494665,8.643582187295351,33.962033540684324,-25.09315954739276,-59.46860152020448
225,2021,3,JUJUY,25.980702520297545,14.240381868423986,55.6892647441935,-23.523573011085336,-65.43805280478172
226,2021,3,LA PAMPA,12.99161507240359,27.767891191051227,84.27996309653611,-36.47714174789248,-64.4553406128059
227,2021,3,LA RIOJA,38.86795185445044,20.565964530219404,77.26016061386845,-29.330863895517307,-67.13983451857555
228,2021,3,MENDOZA,13.365156173184468,12.710228113581037,45.54828468056102,-33.368795530481485,-68.68534600457129
229,2021,3,MISIONES,30.87871831426499,12.411772581325812,45.57065365808786,-27.058215458325986,-54.96724865075839
230,2021,3,NEUQUEN,38.34222315428742,20.74816202113861,69.70653344501615,-38.49954335558701,-69.8742115743201
231,2021,3,RIO NEGRO,25.400065197148727,19.05925062746504,61.967213114754095,-39.89645026413934,-67.6105113380815
232,2021,3,SALTA,31.209681857038827,13.55352602212216,55.9642780595842,-24.248013631473587,-64.70250708135784
233,2021,3,SAN JUAN,7.041300820394967,10.050236642022517,39.4554480019856,-31.31442612644254,-68.50334378949645
234,2021,3,SAN LUIS,21.69870707116376,22.857408818789526,79.87043349212911,-32.98264595285886,-65.88683861327827
235,2021,3,SANTA CRUZ,7.692326941812981,13.016254371883871,43.74732028012005,-48.863730255517886,-69.86373350526509
236,2021,3,SANTA FE,33.13229624738131,23.58815244581783,75.01704762728227,-31.64634283294476,-61.04726054930406
237,2021,3,SANTIAGO DEL ESTERO,13.352723533519551,11.660736690891678,47.0,-27.784103764741893,-63.62189998971087
238,2021,3,TIERRA DEL FUEGO,9.52,28.150170112829368,94.95386825985028,-62.35015217161648,-59.53190998460846
239,2021,3,TUCUMAN,42.10118530571482,13.533446775711845,54.63604486100796,-26.998180477681764,-65.29453734502505
240,2021,2,BUENOS AIRES,52.75542937003713,23.35247372787298,70.00330336027972,-35.633728326052875,-59.695392866402734
242,2021,2,CATAMARCA,42.18506376779111,13.313748671467298,52.34030966263861,-27.97273476331947,-66.12713970412685
243,2021,2,CHACO,37.39690959622207,11.580041340539402,43.32762729293539,-26.86207729911804,-60.15511735633289
244,2021,2,CHUBUT,7.67690621713348,22.159781771420207,72.29410481936469,-44.077151734192086,-68.66765299463769
245,2021,2,CORDOBA,39.59011648994794,24.528406291253745,80.11518795931242,-31.846608244153405,-63.96214628932277
246,2021,2,CORRIENTES,30.368054802005656,11.46506458012956,43.5411637336848,-28.61578113415668,-57.97533573736128
247,2021,2,ENTRE RIOS,27.61897306203556,18.435680632917915,61.660264464787886,-31.925167566210387,-59.26302098168299
248,2021,2,FORMOSA,23.96630452806761,8.456293049570467,33.22548419322613,-25.09315954739276,-59.46860152020448
249,2021,2,JUJUY,25.812477856862227,14.366784069218694,56.182157011467694,-23.523573011085336,-65.43805280478172
250,2021,2,LA PAMPA,12.27922373804818,27.043558440191944,82.08000672325404,-36.47714174789248,-64.4553406128059
251,2021,2,LA RIOJA,38.53489438300775,20.49158509575061,76.9786615851933,-29.330863895517307,-67.13983451857555
252,2021,2,MENDOZA,13.465987205003026,11.433847066800618,40.97324182617088,-33.368795530481485,-68.68534600457129
253,2021,2,MISIONES,28.682221735396933,12.26014659485293,45.0128113119994,-27.058215458325986,-54.96724865075839
254,2021,2,NEUQUEN,36.10972145846688,20.58023612564588,69.14021084638621,-38.49954335558701,-69.8742115743201
255,2021,2,RIO NEGRO,23.74844668144268,19.052051860128397,61.94204057417748,-39.89645026413934,-67.6105113380815
256,2021,2,SALTA,29.239354220742428,13.303441391384512,54.930090174788894,-24.248013631473587,-64.70250708135784
257,2021,2,SAN JUAN,6.993162601626016,10.00671906693712,39.28402570062062,-31.31442612644254,-68.50334378949645
258,2021,2,SAN LUIS,21.66188998963924,23.89055527674358,83.47810720063075,-32.98264595285886,-65.88683861327827
259,2021,2,SANTA CRUZ,7.629667005202396,13.096756425784957,44.01491665543425,-48.863730255517886,-69.86373350526509
260,2021,2,SANTA FE,30.7018831645519,23.60478745301367,75.06878626293008,-31.64634283294476,-61.04726054930406
261,2021,2,SANTIAGO DEL ESTERO,12.718797838683304,11.554388875216851,46.557275364921054,-27.784103764741893,-63.62189998971087
262,2021,2,TIERRA DEL FUEGO,8.591921426483484,20.126647945777083,67.88580775229184,-62.35015217161648,-59.53190998460846
263,2021,2,TUCUMAN,40.30992032851357,13.606163819728009,54.928196510348045,-26.998180477681764,-65.29453734502505
264,2021,1,BUENOS AIRES,50.78565608506508,22.99835397576201,69.10524076185938,-35.633728326052875,-59.695392866402734
266,2021,1,CATAMARCA,39.96652623965282,12.438278918256517,48.89909292784824,-27.97273476331947,-66.12713970412685
267,2021,1,CHACO,33.6262012999863,11.528896477487844,43.13649241708794,-26.86207729911804,-60.15511735633289
268,2021,1,CHUBUT,7.531527409144197,21.147838315076264,68.9942808881567,-44.077151734192086,-68.66765299463769
269,2021,1,CORDOBA,36.16879932843764,24.061371645661502,78.59028062380018,-31.846608244153405,-63.96214628932277
270,2021,1,CORRIENTES,25.985171359720063,11.234115869536096,42.664128438821415,-28.61578113415668,-57.97533573736128
271,2021,1,ENTRE RIOS,23.87133437318357,18.070581721504357,60.439449728342346,-31.925167566210387,-59.26302098168299
272,2021,1,FORMOSA,20.980327506975215,8.330895284429907,32.732955756327215,-25.09315954739276,-59.46860152020448
273,2021,1,JUJUY,26.777362312404005,14.226045966500736,55.63244789620541,-23.523573011085336,-65.43805280478172
274,2021,1,LA PAMPA,10.728511929531797,26.943299898725044,81.77676345752207,-36.47714174789248,-64.4553406128059
275,2021,1,LA RIOJA,12.697554732181876,13.258360163449572,49.80693519079345,-29.330863895517307,-67.13983451857555
276,2021,1,MENDOZA,12.599361245254226,10.926002451479471,39.153661528996416,-33.368795530481485,-68.68534600457129
277,2021,1,MISIONES,25.076826126081443,11.758811611223322,43.172438905971845,-27.058215458325986,-54.96724865075839
278,2021,1,NEUQUEN,34.23850264753642,19.895917331182982,66.84208942045272,-38.49954335558701,-69.8742115743201
279,2021,1,RIO NEGRO,21.92390676083096,18.724905657874665,60.87924030325769,-39.89645026413934,-67.6105113380815
280,2021,1,SALTA,27.31884069404982,13.061128426236175,53.93001926339093,-24.248013631473587,-64.70250708135784
281,2021,1,SAN JUAN,6.910089995382067,9.948368694803314,39.055194335357605,-31.31442612644254,-68.50334378949645
282,2021,1,SAN LUIS,21.594379804710776,23.24883515831701,81.23730177127507,-32.98264595285886,-65.88683861327827
283,2021,1,SANTA CRUZ,7.501531847531764,12.391825403443834,41.64783103990742,-48.863730255517886,-69.86373350526509
284,2021,1,SANTA FE,28.130630073152936,23.242382186130484,73.91656407026184,-31.64634283294476,-61.04726054930406
285,2021,1,SANTIAGO DEL ESTERO,11.584174516498134,11.334871169032644,45.67308282365455,-27.784103764741893,-63.62189998971087
286,2021,1,TIERRA DEL FUEGO,8.734752396277898,22.9312154304354,77.34935609177366,-62.35015217161648,-59.53190998460846
287,2021,1,TUCUMAN,37.97961958190828,13.57896382467824,54.81892254125389,-26.998180477681764,-65.29453734502505
288,2020,4,BUENOS AIRES,50.00838083963576,22.90151153254686,68.97702220170737,-35.633728326052875,-59.695392866402734
290,2020,4,CATAMARCA,37.6500877273544,12.567459308545084,49.40688354549741,-27.97273476331947,-66.12713970412685
291,2020,4,CHACO,32.45204676418101,11.50064617804086,43.03078864977911,-26.86207729911804,-60.15511735633289
292,2020,4,CHUBUT,7.383087626414736,20.95087117462161,68.35189915825622,-44.077151734192086,-68.66765299463769
293,2020,4,CORDOBA,35.120601241883946,23.904978675681004,78.07960876338194,-31.846608244153405,-63.96214628932277
294,2020,4,CORRIENTES,25.446700896630592,11.172002734788627,42.42828394694903,-28.61578113415668,-57.97533573736128
295,2020,4,ENTRE RIOS,24.05327825306045,17.78197083072765,59.47430676097378,-31.925167566210387,-59.26302098168299
296,2020,4,FORMOSA,19.6983490087788,8.268390853815193,32.487381907596735,-25.09315954739276,-59.46860152020448
297,2020,4,JUJUY,25.20639328416149,13.66962311713536,53.45659123390888,-23.523573011085336,-65.43805280478172
298,2020,4,LA PAMPA,9.875605170860927,26.9404221718048,81.76793248945148,-36.47714174789248,-64.4553406128059
299,2020,4,LA RIOJA,12.534655980598345,13.339129511730942,50.11061211701148,-29.330863895517307,-67.13983451857555
300,2020,4,MENDOZA,11.093171319457166,10.779753857792285,38.62957896227819,-33.368795530481485,-68.68534600457129
301,2020,4,MISIONES,24.956617779680364,11.614898792582805,42.64411416119227,-27.058215458325986,-54.96724865075839
302,2020,4,NEUQUEN,33.90786486677393,19.943555550895127,67.00234522048092,-38.49954335558701,-69.8742115743201
303,2020,4,RIO NEGRO,21.636719189849995,18.789319055171752,61.08861548045476,-39.89645026413934,-67.6105113380815
304,2020,4,SALTA,25.32243965074473,13.088389057411083,54.04275200147659,-24.248013631473587,-64.70250708135784
305,2020,4,SAN JUAN,6.412867397953183,9.251858120163536,36.32088215575813,-31.31442612644254,-68.50334378949645
306,2020,4,SAN LUIS,21.252954082189127,23.375314368474104,81.67947806105701,-32.98264595285886,-65.88683861327827
307,2020,4,SANTA CRUZ,7.492108628119051,11.008682660661702,36.99957245908797,-48.863730255517886,-69.86373350526509
308,2020,4,SANTA FE,27.294352446215623,23.136769743176902,73.58073807267776,-31.64634283294476,-61.04726054930406
309,2020,4,SANTIAGO DEL ESTERO,11.280765527511996,10.857437164805166,43.749256620689934,-27.784103764741893,-63.62189998971087
310,2020,4,TIERRA DEL FUEGO,8.486806949337868,22.609569143137627,76.26583496977399,-62.35015217161648,-59.53190998460846
311,2020,4,TUCUMAN,36.44224682915296,13.57016980842894,54.78340441369959,-26.998180477681764,-65.29453734502505
312,2020,3,BUENOS AIRES,48.37662390811511,22.410088053440287,67.65618983090923,-35.633728326052875,-59.695392866402734
314,2020,3,CATAMARCA,36.540436607329845,11.995288801288368,47.15709898417198,-27.97273476331947,-66.12713970412685
315,2020,3,CHACO,30.802726948564217,11.102767361905425,41.54192057806515,-26.86207729911804,-60.15511735633289
316,2020,3,CHUBUT,7.402074441844787,20.94871530485329,68.34389815720037,-44.077151734192086,-68.66765299463769
317,2020,3,CORDOBA,33.51119497419789,23.029708353509868,75.22035723669207,-31.846608244153405,-63.96214628932277
318,2020,3,CORRIENTES,23.851523971242955,10.993613616681577,41.750749470464434,-28.61578113415668,-57.97533573736128
319,2020,3,ENTRE RIOS,22.432598646206184,17.398110879051448,58.1901640924315,-31.925167566210387,-59.26302098168299
320,2020,3,FORMOSA,18.2828320694304,8.120337229392224,31.905623310186535,-25.09315954739276,-59.46860152020448
321,2020,3,JUJUY,21.910419686869957,13.820037033679933,54.04441923820905,-23.523573011085336,-65.43805280478172
322,2020,3,LA PAMPA,10.697630905402091,26.115702018823036,79.26447706670275,-36.47714174789248,-64.4553406128059
323,2020,3,LA RIOJA,12.194703767058195,13.341312020771634,50.11811323630268,-29.330863895517307,-67.13983451857555
324,2020,3,MENDOZA,10.18749103459563,10.422355488053226,37.348633137232696,-33.368795530481485,-68.68534600457129
325,2020,3,MISIONES,24.14176187252152,11.331798537010409,41.60448628544863,-27.058215458325986,-54.96724865075839
326,2020,3,NEUQUEN,31.46090402703376,19.42045929269766,65.24417025530218,-38.49954335558701,-69.8742115743201
327,2020,3,RIO NEGRO,21.07777870325876,17.54802558517,57.05240591584501,-39.89645026413934,-67.6105113380815
328,2020,3,SALTA,25.261155924027737,12.670239307125406,52.31571212848803,-24.248013631473587,-64.70250708135784
329,2020,3,SAN JUAN,6.027864793582682,9.88083251128296,38.78995525412846,-31.31442612644254,-68.50334378949645
330,2020,3,SAN LUIS,20.84992813378867,22.8839263803681,79.96172209417188,-32.98264595285886,-65.88683861327827
331,2020,3,SANTA CRUZ,6.649363712026633,10.697207032526524,35.95152890784452,-48.863730255517886,-69.86373350526509
332,2020,3,SANTA FE,25.690941341268072,22.677710522681583,72.12060247348236,-31.64634283294476,-61.04726054930406
333,2020,3,SANTIAGO DEL ESTERO,10.87901727065974,10.76484130094044,43.37593131691913,-27.784103764741893,-63.62189998971087
334,2020,3,TIERRA DEL FUEGO,8.506676055475614,22.7715153638102,76.80909583946696,-62.35015217161648,-59.53190998460846
335,2020,3,TUCUMAN,34.835801698615526,13.184990703555616,53.2281495112899,-26.998180477681764,-65.29453734502505
336,2020,2,BUENOS AIRES,45.66197363212277,21.55285840483632,65.2205801358229,-35.633728326052875,-59.695392866402734
338,2020,2,CATAMARCA,34.92595642857143,11.556666835285702,45.43181818181818,-27.97273476331947,-66.12713970412685
339,2020,2,CHACO,27.95228467436429,10.646198278920558,39.83250279006581,-26.86207729911804,-60.15511735633289
340,2020,2,CHUBUT,7.605487984559083,17.577923412048097,57.344613387235526,-44.077151734192086,-68.66765299463769
341,2020,2,CORDOBA,30.987577637139463,22.262629768284132,72.71358531242393,-31.846608244153405,-63.96214628932277
342,2020,2,CORRIENTES,22.15030606257576,10.613139950481656,40.30476267979574,-28.61578113415668,-57.97533573736128
343,2020,2,ENTRE RIOS,20.448621178442583,16.90464963972206,56.538654739709614,-31.925167566210387,-59.26302098168299
344,2020,2,FORMOSA,16.870258993114398,7.925539742616724,31.1394362262631,-25.09315954739276,-59.46860152020448
345,2020,2,JUJUY,15.864013631862552,12.246000275261045,47.887810227872784,-23.523573011085336,-65.43805280478172
346,2020,2,LA PAMPA,8.028862255598405,25.07384596485546,76.10158288987562,-36.47714174789248,-64.4553406128059
347,2020,2,LA RIOJA,11.66911096197726,13.267548880443243,49.83993501839552,-29.330863895517307,-67.13983451857555
348,2020,2,MENDOZA,9.274562732094155,10.116652469373571,36.25224342110005,-33.368795530481485,-68.68534600457129
349,2020,2,MISIONES,22.560122617583183,11.136919674351834,40.88779600969606,-27.058215458325986,-54.96724865075839
350,2020,2,NEUQUEN,29.100147623878517,19.02059866374008,63.89846903376432,-38.49954335558701,-69.8742115743201
351,2020,2,RIO NEGRO,19.679596047283173,17.338453751536527,56.36933524879196,-39.89645026413934,-67.6105113380815
352,2020,2,SALTA,22.55853618795662,12.492822821915324,51.58158335340357,-24.248013631473587,-64.70250708135784
353,2020,2,SAN JUAN,6.308614963196474,8.939786450606132,35.09485776365026,-31.31442612644254,-68.50334378949645
354,2020,2,SAN LUIS,21.02062693689071,22.440286647722235,78.4096773527651,-32.98264595285886,-65.88683861327827
355,2020,2,SANTA CRUZ,6.593202418178028,10.650675172081195,35.79262396979603,-48.863730255517886,-69.86373350526509
356,2020,2,SANTA FE,23.925791608984092,22.01189934872471,70.002168637187,-31.64634283294476,-61.04726054930406
357,2020,2,SANTIAGO DEL ESTERO,10.411619106122004,10.787648634906734,43.46716682468362,-27.784103764741893,-63.62189998971087
358,2020,2,TIERRA DEL FUEGO,8.128329395457266,22.642392447335883,76.36948260742473,-62.35015217161648,-59.53190998460846
359,2020,2,TUCUMAN,32.70453443718797,12.826796661758182,51.78074091030483,-26.998180477681764,-65.29453734502505
360,2020,1,BUENOS AIRES,45.18128807375552,21.20808101421276,64.32563101743429,-35.633728326052875,-59.695392866402734
362,2020,1,CATAMARCA,29.132225012939607,9.568286447482455,37.615427687460254,-27.97273476331947,-66.12713970412685
363,2020,1,CHACO,25.942049334121737,10.018358007806318,37.483833369172615,-26.86207729911804,-60.15511735633289
364,2020,1,CHUBUT,7.117047781865397,15.715139739949183,51.26848941909703,-44.077151734192086,-68.66765299463769
365,2020,1,CORDOBA,29.39478783506133,21.64232669040361,70.6880744339108,-31.846608244153405,-63.96214628932277
366,2020,1,CORRIENTES,20.538999274943325,10.198192297264283,38.7290799422309,-28.61578113415668,-57.97533573736128
367,2020,1,ENTRE RIOS,19.029765335057498,16.779387594256768,56.12006051437216,-31.925167566210387,-59.26302098168299
368,2020,1,FORMOSA,15.697352607415109,7.693633209507935,30.228303962606848,-25.09315954739276,-59.46860152020448
369,2020,1,JUJUY,14.14492205715465,11.934505713694248,46.670230639987786,-23.523573011085336,-65.43805280478172
370,2020,1,LA PAMPA,7.291757720474826,24.96348894596364,75.76678781291396,-36.47714174789248,-64.4553406128059
371,2020,1,LA RIOJA,7.962418947150687,12.337423688670192,46.346631384166976,-29.330863895517307,-67.13983451857555
372,2020,1,MENDOZA,8.440867710216997,9.248656325291032,33.14207670017271,-33.368795530481485,-68.68534600457129
373,2020,1,MISIONES,22.148213068436263,10.627621055982177,39.01834755171205,-27.058215458325986,-54.96724865075839
374,2020,1,NEUQUEN,27.76828207897622,18.409872883598883,61.84749362355069,-38.49954335558701,-69.8742115743201
375,2020,1,RIO NEGRO,19.06030056406124,16.95263605430754,55.11566865962362,-39.89645026413934,-67.6105113380815
376,2020,1,SALTA,21.425047243902736,12.011697200976553,49.59568027012866,-24.248013631473587,-64.70250708135784
377,2020,1,SAN JUAN,6.036984591484099,8.251277881190129,32.392292136304725,-31.31442612644254,-68.50334378949645
378,2020,1,SAN LUIS,20.989379744282655,21.838769386372302,76.30854184641933,-32.98264595285886,-65.88683861327827
379,2020,1,SANTA CRUZ,6.417170627364028,10.704172537298618,35.97427628896549,-48.863730255517886,-69.86373350526509
380,2020,1,SANTA FE,22.42405677003625,21.86132458787361,69.52357940253133,-31.64634283294476,-61.04726054930406
381,2020,1,SANTIAGO DEL ESTERO,10.00053908049476,10.539212166838636,42.466359187991806,-27.784103764741893,-63.62189998971087
382,2020,1,TIERRA DEL FUEGO,7.410865837696335,22.552553250860385,76.06964979018785,-62.35015217161648,-59.53190998460846
383,2020,1,TUCUMAN,32.24553094303289,11.852464901793743,47.84792325850032,-26.998180477681764,-65.29453734502505
384,2019,4,BUENOS AIRES,30.769694141005864,21.135089381908887,64.25205288245421,-35.633728326052875,-59.695392866402734
386,2019,4,CATAMARCA,24.87830767046261,9.268865071492511,36.43842912715547,-27.97273476331947,-66.12713970412685
387,2019,4,CHACO,23.37495080016229,9.84506318966921,36.835478630342415,-26.86207729911804,-60.15511735633289
388,2019,4,CHUBUT,6.994113523445059,15.6771711859264,51.14501785514712,-44.077151734192086,-68.66765299463769
389,2019,4,CORDOBA,26.16228061451293,21.57949716642836,70.48295566244217,-31.846608244153405,-63.96214628932277
390,2019,4,CORRIENTES,19.255411607971407,10.208283637368018,38.767440989262106,-28.61578113415668,-57.97533573736128
391,2019,4,ENTRE RIOS,17.007580897657125,17.339132629892976,57.99221691704514,-31.925167566210387,-59.26302098168299
392,2019,4,FORMOSA,14.525629551519328,7.755476118924716,30.471313480544048,-25.09315954739276,-59.46860152020448
393,2019,4,JUJUY,12.959200042804213,11.60391510228381,45.37754633175065,-23.523573011085336,-65.43805280478172
394,2019,4,LA PAMPA,6.526152195693043,25.344921847620384,76.92418969170417,-36.47714174789248,-64.4553406128059
395,2019,4,LA RIOJA,8.000880364029628,12.547563567459605,47.13589011052434,-29.330863895517307,-67.13983451857555
396,2019,4,MENDOZA,7.785200889987086,9.39011273391884,33.64903072027183,-33.368795530481485,-68.68534600457129
397,2019,4,MISIONES,20.32034743574273,10.837581902491848,39.78923684048622,-27.058215458325986,-54.96724865075839
398,2019,4,NEUQUEN,26.01988431478295,17.668184976921886,59.35590092822445,-38.49954335558701,-69.8742115743201
399,2019,4,RIO NEGRO,17.17699897385603,17.13387032217983,55.70500968287489,-39.89645026413934,-67.6105113380815
400,2019,4,SALTA,19.08357302283381,12.195492805546795,50.35463892238824,-24.248013631473587,-64.70250708135784
401,2019,4,SAN JUAN,6.040171698468491,8.36915261267133,32.85497572815534,-31.31442612644254,-68.50334378949645
402,2019,4,SAN LUIS,20.690353422143115,21.441352893267837,74.92002603481464,-32.98264595285886,-65.88683861327827
403,2019,4,SANTA CRUZ,5.207925064069708,10.923427797723754,36.71136308535834,-48.863730255517886,-69.86373350526509
404,2019,4,SANTA FE,20.54719701980728,21.84835065573258,69.48235725596862,-31.64634283294476,-61.04726054930406
405,2019,4,SANTIAGO DEL ESTERO,9.792201844355846,10.651974288337923,42.92077382358182,-27.784103764741893,-63.62189998971087
406,2019,4,TIERRA DEL FUEGO,7.27,23.62754675261621,79.69536136377089,-62.35015217161648,-59.53190998460846
407,2019,4,TUCUMAN,29.87038932431276,11.803181280712074,47.64902012521289,-26.998180477681764,-65.29453734502505
408,2019,3,BUENOS AIRES,25.679380143834067,22.761733615562225,69.35630106079125,-35.633728326052875,-59.695392866402734
410,2019,3,CATAMARCA,9.293407429459826,7.855954765218487,30.883614526737205,-27.97273476331947,-66.12713970412685
411,2019,3,CHACO,19.994668122685404,9.580664387529255,35.8460309754608,-26.86207729911804,-60.15511735633289
412,2019,3,CHUBUT,6.966323588474291,14.580466548718958,47.56624162293312,-44.077151734192086,-68.66765299463769
413,2019,3,CORDOBA,23.19340236493985,21.000781776953534,68.59234901069021,-31.846608244153405,-63.96214628932277
414,2019,3,CORRIENTES,16.69992255090861,10.134028114178689,38.48535113586719,-28.61578113415668,-57.97533573736128
415,2019,3,ENTRE RIOS,14.69513286650061,17.311661825597923,57.90009945796624,-31.925167566210387,-59.26302098168299
416,2019,3,FORMOSA,13.22353748406198,7.664177713890219,30.11243299777749,-25.09315954739276,-59.46860152020448
417,2019,3,JUJUY,11.968240929924349,11.334206981241008,44.322486842913605,-23.523573011085336,-65.43805280478172
418,2019,3,LA PAMPA,5.719666464891041,25.519002705641388,77.45269423291748,-36.47714174789248,-64.4553406128059
419,2019,3,LA RIOJA,8.002375296912113,12.76243179085612,47.94290512174643,-29.330863895517307,-67.13983451857555
420,2019,3,MENDOZA,6.10822854552147,11.368189016279215,40.73714258735342,-33.368795530481485,-68.68534600457129
421,2019,3,MISIONES,17.931522461372833,10.713348334458953,39.33292986744382,-27.058215458325986,-54.96724865075839
422,2019,3,NEUQUEN,23.74841515996666,19.092075679641724,64.13887269491578,-38.49954335558701,-69.8742115743201
423,2019,3,RIO NEGRO,15.983718503999242,19.508498591229387,63.42470088700958,-39.89645026413934,-67.6105113380815
424,2019,3,SALTA,14.746465244455525,10.771854623416075,44.47617792228716,-24.248013631473587,-64.70250708135784
425,2019,3,SAN JUAN,6.038229508650902,9.440941485226007,37.06231303554226,-31.31442612644254,-68.50334378949645
426,2019,3,SAN LUIS,19.743826982349614,24.390971166174676,85.22608876849344,-32.98264595285886,-65.88683861327827
427,2019,3,SANTA CRUZ,5.017746940956451,10.601555192584216,35.62816097885956,-48.863730255517886,-69.86373350526509
428,2019,3,SANTA FE,18.165529686687883,21.656424746361637,68.87178057593026,-31.64634283294476,-61.04726054930406
429,2019,3,SANTIAGO DEL ESTERO,9.38941313142636,13.725288048364083,55.30391146854541,-27.784103764741893,-63.62189998971087
430,2019,3,TIERRA DEL FUEGO,6.690701380143412,28.59892519321212,96.46210963092378,-62.35015217161648,-59.53190998460846
431,2019,3,TUCUMAN,19.323994794580525,9.781574184382116,39.487600204016815,-26.998180477681764,-65.29453734502505
432,2019,2,BUENOS AIRES,22.480046018557395,22.215789484298067,67.84713982374198,-35.633728326052875,-59.695392866402734
434,2019,2,CATAMARCA,8.81,8.173397032450584,32.13095022019278,-27.97273476331947,-66.12713970412685
435,2019,2,CHACO,16.01024333099657,9.125011329267103,34.14026097986763,-26.86207729911804,-60.15511735633289
436,2019,2,CHUBUT,6.054406893543786,14.403808727896068,46.98798413626923,-44.077151734192086,-68.66765299463769
437,2019,2,CORDOBA,18.43151783191278,20.84163724223824,68.07130938789848,-31.846608244153405,-63.96214628932277
438,2019,2,CORRIENTES,13.833035083816176,10.047459019420458,38.15558588418795,-28.61578113415668,-57.97533573736128
439,2019,2,ENTRE RIOS,12.193357817950574,17.185820444672466,57.47823458872391,-31.925167566210387,-59.26302098168299
440,2019,2,FORMOSA,10.836611219480826,7.742195783956093,30.418236006943307,-25.09315954739276,-59.46860152020448
441,2019,2,JUJUY,12.073382280507326,11.382934590825071,44.511922790626045,-23.523573011085336,-65.43805280478172
442,2019,2,LA PAMPA,5.492288321417966,25.39783989548608,77.08313750288404,-36.47714174789248,-64.4553406128059
443,2019,2,LA RIOJA,7.894163486005089,12.965645588675004,48.70493914424316,-29.330863895517307,-67.13983451857555
444,2019,2,MENDOZA,6.02629690452623,11.373356541672887,40.754624235362655,-33.368795530481485,-68.68534600457129
445,2019,2,MISIONES,14.50130254739236,10.662825595018376,39.14612554169944,-27.058215458325986,-54.96724865075839
446,2019,2,NEUQUEN,17.242865250195976,18.77790080562025,63.0809643276744,-38.49954335558701,-69.8742115743201
447,2019,2,RIO NEGRO,11.628050204319909,18.792276756346176,61.0942074999118,-39.89645026413934,-67.6105113380815
448,2019,2,SALTA,12.548748750601565,10.146610869132008,41.89319832036978,-24.248013631473587,-64.70250708135784
449,2019,2,SAN JUAN,6.118522013069041,9.068540162527924,35.59971733748176,-31.31442612644254,-68.50334378949645
450,2019,2,SAN LUIS,19.875972848399364,23.40822663016059,81.789994425864,-32.98264595285886,-65.88683861327827
451,2019,2,SANTA CRUZ,6.008047317560813,8.584064828655885,28.846063055322123,-48.863730255517886,-69.86373350526509
452,2019,2,SANTA FE,15.074549058890282,21.201130485144205,67.42291993321949,-31.64634283294476,-61.04726054930406
453,2019,2,SANTIAGO DEL ESTERO,7.103112882966522,13.101581339388986,52.78997126317105,-27.784103764741893,-63.62189998971087
454,2019,2,TIERRA DEL FUEGO,6.34,28.10756382159569,94.79803428023492,-62.35015217161648,-59.53190998460846
455,2019,2,TUCUMAN,18.52931788592033,9.942460440805863,40.13604621420884,-26.998180477681764,-65.29453734502505
456,2019,1,BUENOS AIRES,19.643958224230506,21.64173785141924,66.24255522736811,-35.633728326052875,-59.695392866402734
458,2019,1,CATAMARCA,7.964005155271879,8.188504627374574,32.190488956121285,-27.97273476331947,-66.12713970412685
459,2019,1,CHACO,13.444236269077935,8.722835003407456,32.635876579429485,-26.86207729911804,-60.15511735633289
460,2019,1,CHUBUT,5.891730569196159,13.180368061670734,42.99773633717796,-44.077151734192086,-68.66765299463769
461,2019,1,CORDOBA,15.73486422864591,20.05952769269671,65.5173840768055,-31.846608244153405,-63.96214628932277
462,2019,1,CORRIENTES,12.049695550812029,9.25199213887151,35.13498688698812,-28.61578113415668,-57.97533573736128
463,2019,1,ENTRE RIOS,10.659197328953976,16.979402393290254,56.78815996169284,-31.925167566210387,-59.26302098168299
464,2019,1,FORMOSA,9.825089957835711,7.55368578631946,29.67769463043193,-25.09315954739276,-59.46860152020448
465,2019,1,JUJUY,8.560464217465055,11.867849761055307,46.40843874036665,-23.523573011085336,-65.43805280478172
466,2019,1,LA PAMPA,5.057861842867403,25.157516640472675,76.35457433780647,-36.47714174789248,-64.4553406128059
467,2019,1,LA RIOJA,7.092792286992043,13.359402478637785,50.184587883262736,-29.330863895517307,-67.13983451857555
468,2019,1,MENDOZA,5.742764175317399,10.508862067173826,37.657164970282864,-33.368795530481485,-68.68534600457129
469,2019,1,MISIONES,12.512773459683505,9.87579609120626,36.25716826552349,-27.058215458325986,-54.96724865075839
470,2019,1,NEUQUEN,15.88465326391522,17.526490396034294,58.87800433437489,-38.49954335558701,-69.8742115743201
471,2019,1,RIO NEGRO,10.488420648136287,16.478122478195964,53.57164978100252,-39.89645026413934,-67.6105113380815
472,2019,1,SALTA,10.37710001396946,9.711781014403453,40.09834441771615,-24.248013631473587,-64.70250708135784
473,2019,1,SAN JUAN,5.839263189429536,8.108982017265918,31.833058053465464,-31.31442612644254,-68.50334378949645
474,2019,1,SAN LUIS,8.708555188754593,19.27177940129152,67.3379373977716,-32.98264595285886,-65.88683861327827
475,2019,1,SANTA CRUZ,5.779992970397563,7.042691634453057,23.66765499676892,-48.863730255517886,-69.86373350526509
476,2019,1,SANTA FE,12.986963477266004,21.059894917387947,66.97409094791476,-31.64634283294476,-61.04726054930406
477,2019,1,SANTIAGO DEL ESTERO,6.415070737969083,9.3116162809496,37.51941674600391,-27.784103764741893,-63.62189998971087
478,2019,1,TIERRA DEL FUEGO,6.341101450612301,27.684925791261847,93.37581922721242,-62.35015217161648,-59.53190998460846
479,2019,1,TUCUMAN,16.573299964579572,10.31263096739148,41.63074443134759,-26.998180477681764,-65.29453734502505
480,2018,4,BUENOS AIRES,16.934363010150058,21.058833823398523,64.60284663484316,-35.633728326052875,-59.695392866402734
482,2018,4,CATAMARCA,8.043920202659912,8.197333541624968,32.225346166025346,-27.97273476331947,-66.12713970412685
483,2018,4,CHACO,13.492083570210347,8.7108351925502,32.59096087632982,-26.86207729911804,-60.15511735633289
484,2018,4,CHUBUT,6.085223903684034,13.061729706052178,42.61093609604538,-44.077151734192086,-68.66765299463769
485,2018,4,CORDOBA,15.813667433629776,19.92843117514227,65.08926459112368,-31.846608244153405,-63.96214628932277
486,2018,4,CORRIENTES,12.138923393387724,9.102210657080787,34.56627656869549,-28.61578113415668,-57.97533573736128
487,2018,4,ENTRE RIOS,11.023282490376957,16.257794035384702,54.37477348639939,-31.925167566210387,-59.26302098168299
488,2018,4,FORMOSA,9.816893711913805,7.568639138457005,29.73653915732,-25.09315954739276,-59.46860152020448
489,2018,4,JUJUY,8.562737601752614,11.89948419241854,46.53226639132679,-23.523573011085336,-65.43805280478172
490,2018,4,LA PAMPA,4.319094957943483,24.215175627605007,73.49404828314209,-36.47714174789248,-64.4553406128059
491,2018,4,LA RIOJA,7.093382125154895,13.402859048246764,50.347993917417234,-29.330863895517307,-67.13983451857555
492,2018,4,MENDOZA,5.746675102434321,10.536933969997644,37.757783845911696,-33.368795530481485,-68.68534600457129
493,2018,4,MISIONES,12.495112674155788,9.38376401334208,34.4507488777944,-27.058215458325986,-54.96724865075839
494,2018,4,NEUQUEN,15.89123364607043,17.58336203291432,59.06916926636779,-38.49954335558701,-69.8742115743201
495,2018,4,RIO NEGRO,10.487005565275494,15.952033444971306,51.86140345426057,-39.89645026413934,-67.6105113380815
496,2018,4,SALTA,10.45728408913591,9.63988499012216,39.80161006973815,-24.248013631473587,-64.70250708135784
497,2018,4,SAN JUAN,5.715266539357845,8.125067548299477,31.89625207025579,-31.31442612644254,-68.50334378949645
498,2018,4,SAN LUIS,8.818992791900516,19.332549309229275,67.55045369760039,-32.98264595285886,-65.88683861327827
499,2018,4,SANTA CRUZ,5.119507364772868,7.049080016507051,23.68919410065612,-48.863730255517886,-69.86373350526509
500,2018,4,SANTA FE,13.179234899969485,20.62373640643868,65.58706886191564,-31.64634283294476,-61.04726054930406
501,2018,4,SANTIAGO DEL ESTERO,6.309255243851745,9.2821177795649,37.40072595129344,-27.784103764741893,-63.62189998971087
502,2018,4,TIERRA DEL FUEGO,7.436562008214025,27.748785315817887,93.59257086207944,-62.35015217161648,-59.53190998460846
503,2018,4,TUCUMAN,16.58323444553027,10.344120436439566,41.75796963877769,-26.998180477681764,-65.29453734502505
504,2018,3,BUENOS AIRES,16.77973513236217,20.95908740104848,64.44056759752046,-35.633728326052875,-59.695392866402734
506,2018,3,CATAMARCA,7.806521941530631,8.373046550087581,32.91594537411041,-27.97273476331947,-66.12713970412685
507,2018,3,CHACO,12.89496189060927,8.628583509513742,32.283100833077576,-26.86207729911804,-60.15511735633289
508,2018,3,CHUBUT,6.076722322942862,17.28630822939319,56.39174585226903,-44.077151734192086,-68.66765299463769
509,2018,3,CORDOBA,14.8182495375679,19.66915749676994,64.24210026029336,-31.846608244153405,-63.96214628932277
510,2018,3,CORRIENTES,11.493228365457124,9.018948170247882,34.24993887383215,-28.61578113415668,-57.97533573736128
511,2018,3,ENTRE RIOS,10.524753506287304,15.016208210741231,50.22201385837749,-31.925167566210387,-59.26302098168299
512,2018,3,FORMOSA,9.318495441068285,7.5279498103121085,29.576573428878444,-25.09315954739276,-59.46860152020448
513,2018,3,JUJUY,7.669872151814152,5.949165647225797,23.26370013719552,-23.523573011085336,-65.43805280478172
514,2018,3,LA PAMPA,4.283048376167659,23.64056278957734,71.75023651844843,-36.47714174789248,-64.4553406128059
515,2018,3,LA RIOJA,6.156013225626096,13.505484520192356,50.73304318059562,-29.330863895517307,-67.13983451857555
516,2018,3,MENDOZA,5.786015677158131,10.60196923196676,37.990597267996215,-33.368795530481485,-68.68534600457129
517,2018,3,MISIONES,12.487485758721087,8.74450949017475,32.10366641805902,-27.058215458325986,-54.96724865075839
518,2018,3,NEUQUEN,14.674244286624784,18.005451709791327,60.48661674396911,-38.49954335558701,-69.8742115743201
519,2018,3,RIO NEGRO,10.06446008106754,15.546572458298687,50.54264808703746,-39.89645026413934,-67.6105113380815
520,2018,3,SALTA,9.265848177562406,9.549341341721156,39.42741342068409,-24.248013631473587,-64.70250708135784
521,2018,3,SAN JUAN,5.738204725877363,8.419357955569252,33.05141650392377,-31.31442612644254,-68.50334378949645
522,2018,3,SAN LUIS,8.814987579354126,14.9833598756571,52.35311497551916,-32.98264595285886,-65.88683861327827
523,2018,3,SANTA CRUZ,5.369715716600383,9.738987459252597,32.72785029455932,-48.863730255517886,-69.86373350526509
524,2018,3,SANTA FE,12.357326043488577,19.939106982732063,63.4096146162309,-31.64634283294476,-61.04726054930406
525,2018,3,SANTIAGO DEL ESTERO,5.779842512369051,8.996517443513934,36.24961697805127,-27.784103764741893,-63.62189998971087
526,2018,3,TIERRA DEL FUEGO,5.98788374717833,27.506021696216745,92.77191839394062,-62.35015217161648,-59.53190998460846
527,2018,3,TUCUMAN,15.255950362488306,10.325137534986972,41.68101359528755,-26.998180477681764,-65.29453734502505
528,2018,2,BUENOS AIRES,14.679375512175804,20.374582324435124,62.78226651094991,-35.633728326052875,-59.695392866402734
530,2018,2,CATAMARCA,7.693096507452943,8.35838388395506,32.8575008674866,-27.97273476331947,-66.12713970412685
531,2018,2,CHACO,12.499460181995785,8.353123614291734,31.25170499603489,-26.86207729911804,-60.15511735633289
532,2018,2,CHUBUT,5.329857730598913,16.830485129144066,54.90230333735512,-44.077151734192086,-68.66765299463769
533,2018,2,CORDOBA,13.876809406349514,19.373198551696014,63.2743661231958,-31.846608244153405,-63.96214628932277
534,2018,2,CORRIENTES,10.87765289559918,8.903247385340823,33.80975390881165,-28.61578113415668,-57.97533573736128
535,2018,2,ENTRE RIOS,10.186702751759965,14.711648453505866,49.20261187052838,-31.925167566210387,-59.26302098168299
536,2018,2,FORMOSA,8.974986530777175,7.491907616509303,29.434226520797,-25.09315954739276,-59.46860152020448
537,2018,2,JUJUY,6.289345589213642,5.9923974768014165,23.432202729854477,-23.523573011085336,-65.43805280478172
538,2018,2,LA PAMPA,4.098364171057469,23.40701065826804,71.04033787278055,-36.47714174789248,-64.4553406128059
539,2018,2,LA RIOJA,5.591861584368082,13.570922884408905,50.97789073923241,-29.330863895517307,-67.13983451857555
540,2018,2,MENDOZA,5.880529663045039,10.318226443150964,36.97287272406129,-33.368795530481485,-68.68534600457129
541,2018,2,MISIONES,11.759657402552,8.61598877251767,31.630907682221824,-27.058215458325986,-54.96724865075839
542,2018,2,NEUQUEN,13.365011560107956,17.931877810369247,60.23679161402031,-38.49954335558701,-69.8742115743201
543,2018,2,RIO NEGRO,9.509595114373948,15.42558308937726,50.1478946239634,-39.89645026413934,-67.6105113380815
544,2018,2,SALTA,8.928271706442677,9.673102808845783,39.93719209989731,-24.248013631473587,-64.70250708135784
545,2018,2,SAN JUAN,5.845597830692315,8.392841711641646,32.94664884868421,-31.31442612644254,-68.50334378949645
546,2018,2,SAN LUIS,5.900575184880855,4.336137508962927,15.150424491351384,-32.98264595285886,-65.88683861327827
547,2018,2,SANTA CRUZ,5.189289950855788,9.919588050940062,33.33236451006607,-48.863730255517886,-69.86373350526509
548,2018,2,SANTA FE,11.74888462281756,19.675591530682105,62.57079239957442,-31.64634283294476,-61.04726054930406
549,2018,2,SANTIAGO DEL ESTERO,5.911001646998384,8.750160589339375,35.25646421116424,-27.784103764741893,-63.62189998971087
550,2018,2,TIERRA DEL FUEGO,5.942745057375916,27.16231651599105,91.60519629538562,-62.35015217161648,-59.53190998460846
551,2018,2,TUCUMAN,13.506545729627105,10.283671207148595,41.512563170017415,-26.998180477681764,-65.29453734502505
552,2018,1,BUENOS AIRES,14.198889644680946,20.27965291057949,62.62621166168454,-35.633728326052875,-59.695392866402734
554,2018,1,CATAMARCA,8.198860528714677,8.342098537275874,32.79361613741535,-27.97273476331947,-66.12713970412685
555,2018,1,CHACO,12.444064678644969,8.240328535251999,30.829927645702472,-26.86207729911804,-60.15511735633289
556,2018,1,CHUBUT,5.418637938827784,16.466326556340928,53.71560488248906,-44.077151734192086,-68.66765299463769
557,2018,1,CORDOBA,12.790571217400483,19.447381073339752,63.51716965201617,-31.846608244153405,-63.96214628932277
558,2018,1,CORRIENTES,11.118502865253635,8.60133260210877,32.66346087317512,-28.61578113415668,-57.97533573736128
559,2018,1,ENTRE RIOS,9.87523936699876,14.555673456325383,48.68120241785722,-31.925167566210387,-59.26302098168299
560,2018,1,FORMOSA,11.056815367469506,5.4480098282582645,21.40431025921144,-25.09315954739276,-59.46860152020448
561,2018,1,JUJUY,6.741185879384532,5.912829505826147,23.12126087567753,-23.523573011085336,-65.43805280478172
562,2018,1,LA PAMPA,3.995131352064104,23.64124866231016,71.75163692275797,-36.47714174789248,-64.4553406128059
563,2018,1,LA RIOJA,5.890820604111634,13.694770063119927,51.44351011244806,-29.330863895517307,-67.13983451857555
564,2018,1,MENDOZA,5.881626969169374,10.345843091967913,37.07215110240331,-33.368795530481485,-68.68534600457129
565,2018,1,MISIONES,12.082189465143012,8.432278416607307,30.95673588446963,-27.058215458325986,-54.96724865075839
566,2018,1,NEUQUEN,11.96045995607415,18.31283869735193,61.517390351563726,-38.49954335558701,-69.8742115743201
567,2018,1,RIO NEGRO,8.976243194361576,15.323567091543692,49.816861312232405,-39.89645026413934,-67.6105113380815
568,2018,1,SALTA,9.1894409821995,9.633845443846392,39.7755916329188,-24.248013631473587,-64.70250708135784
569,2018,1,SAN JUAN,5.850581035549749,8.306800710570991,32.60917745169287,-31.31442612644254,-68.50334378949645
570,2018,1,SAN LUIS,5.89436270457927,4.335615022675048,15.14879034827491,-32.98264595285886,-65.88683861327827
571,2018,1,SANTA CRUZ,5.189289950855788,9.98473486255572,33.55275989857616,-48.863730255517886,-69.86373350526509
572,2018,1,SANTA FE,11.173305005746002,19.58468236875741,62.28199844300957,-31.64634283294476,-61.04726054930406
573,2018,1,SANTIAGO DEL ESTERO,6.248210722163038,8.683504190530646,34.9882694482421,-27.784103764741893,-63.62189998971087
574,2018,1,TIERRA DEL FUEGO,5.768082036032884,19.33152333431171,65.19963702359347,-62.35015217161648,-59.53190998460846
575,2018,1,TUCUMAN,9.355631684806106,10.200177350055142,41.17600938886616,-26.998180477681764,-65.29453734502505
576,2017,4,BUENOS AIRES,12.9720825438982,18.61464924835486,57.609615290258205,-35.633728326052875,-59.695392866402734
578,2017,4,CATAMARCA,7.78415435139573,7.280600419229377,28.620950093924897,-27.97273476331947,-66.12713970412685
579,2017,4,CHACO,11.702868121959405,8.234501979468078,30.808158111236537,-26.86207729911804,-60.15511735633289
580,2017,4,CHUBUT,5.408238076890145,15.77581593080522,51.46309626749354,-44.077151734192086,-68.66765299463769
581,2017,4,CORDOBA,11.63658470115664,19.390857786793124,63.33262565207773,-31.846608244153405,-63.96214628932277
582,2017,4,CORRIENTES,10.384400430891969,8.562263620309615,32.51511831118755,-28.61578113415668,-57.97533573736128
583,2017,4,ENTRE RIOS,9.295960619999066,14.317635180183578,47.885245293746834,-31.925167566210387,-59.26302098168299
584,2017,4,FORMOSA,10.114170463766309,5.414060072151437,21.27097668924972,-25.09315954739276,-59.46860152020448
585,2017,4,JUJUY,6.638821273566491,5.81583543877829,22.742083716267025,-23.523573011085336,-65.43805280478172
586,2017,4,LA PAMPA,3.975819444981504,23.4099297739188,71.04976106378558,-36.47714174789248,-64.4553406128059
587,2017,4,LA RIOJA,5.877588849506658,13.727965660359493,51.56847440546175,-29.330863895517307,-67.13983451857555
588,2017,4,MENDOZA,5.71002586675844,9.300280994440511,33.32562553415048,-33.368795530481485,-68.68534600457129
589,2017,4,MISIONES,11.324123723249611,8.482789477895514,31.14218485379854,-27.058215458325986,-54.96724865075839
590,2017,4,NEUQUEN,10.719151524540267,18.2308851652642,61.24232317785096,-38.49954335558701,-69.8742115743201
591,2017,4,RIO NEGRO,8.045522324672751,15.18781366272272,49.37562976824529,-39.89645026413934,-67.6105113380815
592,2017,4,SALTA,8.451742767775633,9.638816535753657,39.79624247145896,-24.248013631473587,-64.70250708135784
593,2017,4,SAN JUAN,5.832260073010133,7.718528602820455,30.29992919128174,-31.31442612644254,-68.50334378949645
594,2017,4,SAN LUIS,5.732208801354054,3.0299272402738,10.586731069754228,-32.98264595285886,-65.88683861327827
595,2017,4,SANTA CRUZ,5.206584828874508,8.603821648608145,28.912492882806827,-48.863730255517886,-69.86373350526509
596,2017,4,SANTA FE,10.297494601847182,19.405680474329014,61.7127712196729,-31.64634283294476,-61.04726054930406
597,2017,4,SANTIAGO DEL ESTERO,6.165600214985038,7.228687949666727,29.126386109501063,-27.784103764741893,-63.62189998971087
598,2017,4,TIERRA DEL FUEGO,5.203225704536838,17.758493353028065,59.89413596263622,-62.35015217161648,-59.53190998460846
599,2017,4,TUCUMAN,9.106021307187058,9.883286960651205,39.8968735176797,-26.998180477681764,-65.29453734502505
600,2017,3,BUENOS AIRES,8.425706211853651,17.935870973592106,55.62938339533962,-35.633728326052875,-59.695392866402734
602,2017,3,CATAMARCA,5.260018066713561,8.265091234974188,32.49092567790524,-27.97273476331947,-66.12713970412685
603,2017,3,CHACO,8.484871287555498,8.012103738024656,29.975925647657625,-26.86207729911804,-60.15511735633289
604,2017,3,CHUBUT,3.4783469156690874,14.16737183585357,46.21537746651841,-44.077151734192086,-68.66765299463769
605,2017,3,CORDOBA,9.11557287304998,19.076953915608296,62.30700225296333,-31.846608244153405,-63.96214628932277
606,2017,3,CORRIENTES,7.447416428085263,8.470212670540503,32.16543574593796,-28.61578113415668,-57.97533573736128
607,2017,3,ENTRE RIOS,6.993400639349653,13.741494179292031,45.95812167017718,-31.925167566210387,-59.26302098168299
608,2017,3,FORMOSA,7.06882153411281,5.43429504811395,21.35038438007076,-25.09315954739276,-59.46860152020448
609,2017,3,JUJUY,4.689006725369201,5.791142800512126,22.64536299508256,-23.523573011085336,-65.43805280478172
610,2017,3,LA PAMPA,3.4381011143320657,22.780807976856146,69.13993701142644,-36.47714174789248,-64.4553406128059
611,2017,3,LA RIOJA,5.010090208766659,13.70065107981072,51.46525230494696,-29.330863895517307,-67.13983451857555
612,2017,3,MENDOZA,3.512962661663036,9.964323465862444,35.70493177720565,-33.368795530481485,-68.68534600457129
613,2017,3,MISIONES,8.430383025286991,8.227833589371523,30.205990933031902,-27.058215458325986,-54.96724865075839
614,2017,3,NEUQUEN,8.16517738570226,18.10848135178631,60.8304131050389,-38.49954335558701,-69.8742115743201
615,2017,3,RIO NEGRO,5.487278804673885,14.924361907723748,48.51865893950063,-39.89645026413934,-67.6105113380815
616,2017,3,SALTA,6.133146206896552,9.649427484390076,39.839700806907416,-24.248013631473587,-64.70250708135784
617,2017,3,SAN JUAN,3.4497842064911834,8.245115565495915,32.36688935995978,-31.31442612644254,-68.50334378949645
618,2017,3,SAN LUIS,3.50338739319684,4.429809174940647,15.477861790298098,-32.98264595285886,-65.88683861327827
619,2017,3,SANTA CRUZ,3.610470505758638,9.907366563740627,33.29182971658959,-48.863730255517886,-69.86373350526509
620,2017,3,SANTA FE,7.792215148399743,19.15216489884956,60.90635563451515,-31.64634283294476,-61.04726054930406
621,2017,3,SANTIAGO DEL ESTERO,5.178558078335373,8.716515836151316,35.12104488438485,-27.784103764741893,-63.62189998971087
622,2017,3,TIERRA DEL FUEGO,3.475358271865121,19.49276439686788,65.74180473434595,-62.35015217161648,-59.53190998460846
623,2017,3,TUCUMAN,6.385176801555399,9.833448455500244,39.69537916123259,-26.998180477681764,-65.29453734502505
624,2017,2,BUENOS AIRES,7.198747751887984,18.104156481000476,56.27214416169132,-35.633728326052875,-59.695392866402734
626,2017,2,CATAMARCA,5.102182825899711,6.608185687419579,25.97712106768351,-27.97273476331947,-66.12713970412685
627,2017,2,CHACO,7.689213433544128,7.763587198662014,29.045524775453423,-26.86207729911804,-60.15511735633289
628,2017,2,CHUBUT,3.44726909222351,10.897114883440477,35.54601117914412,-44.077151734192086,-68.66765299463769
629,2017,2,CORDOBA,7.421321799076774,18.05661531060883,58.973528908003566,-31.846608244153405,-63.96214628932277
630,2017,2,CORRIENTES,6.791580482607055,8.265165616133114,31.38612136835505,-28.61578113415668,-57.97533573736128
631,2017,2,ENTRE RIOS,6.287810106292773,13.571663585663645,45.38933102824724,-31.925167566210387,-59.26302098168299
632,2017,2,FORMOSA,6.1786533146404965,5.081818706168551,19.965076445261992,-25.09315954739276,-59.46860152020448
633,2017,2,JUJUY,4.541861878194008,5.729417105648426,22.403415894624064,-23.523573011085336,-65.43805280478172
634,2017,2,LA PAMPA,3.3182593614961053,20.920811368324543,63.49352648099681,-36.47714174789248,-64.4553406128059
635,2017,2,LA RIOJA,5.53385510805501,4.313641371128342,16.203445806143563,-29.330863895517307,-67.13983451857555
636,2017,2,MENDOZA,3.507255863215121,8.863231962926129,31.75860536139077,-33.368795530481485,-68.68534600457129
637,2017,2,MISIONES,7.604338490520663,8.196262181174568,30.089248025085933,-27.058215458325986,-54.96724865075839
638,2017,2,NEUQUEN,6.700610698446883,18.43063459528346,61.91013427666159,-38.49954335558701,-69.8742115743201
639,2017,2,RIO NEGRO,4.741350857381452,14.1565144707972,46.02080512293318,-39.89645026413934,-67.6105113380815
640,2017,2,SALTA,5.756213134839845,7.929941866624195,32.739420263626215,-24.248013631473587,-64.70250708135784
641,2017,2,SAN JUAN,3.492033809523809,6.869062671706707,26.96461612024698,-31.31442612644254,-68.50334378949645
642,2017,2,SAN LUIS,3.502824149975052,2.722999699195193,9.513970314868304,-32.98264595285886,-65.88683861327827
643,2017,2,SANTA CRUZ,3.60311348968991,7.812000426302888,26.248619828709558,-48.863730255517886,-69.86373350526509
644,2017,2,SANTA FE,6.838749250446204,16.436519275562326,52.26961123969867,-31.64634283294476,-61.04726054930406
645,2017,2,SANTIAGO DEL ESTERO,5.05794740805446,3.5041532386183105,14.118988073971998,-27.784103764741893,-63.62189998971087
646,2017,2,TIERRA DEL FUEGO,3.476761467376085,20.30130511507835,68.46322075955756,-62.35015217161648,-59.53190998460846
647,2017,2,TUCUMAN,6.093280445624717,9.459823731438563,38.18623365639289,-26.998180477681764,-65.29453734502505
648,2017,1,BUENOS AIRES,6.678482577091709,18.80485503101168,58.57400244920328,-35.633728326052875,-59.695392866402734
650,2017,1,CATAMARCA,4.973784837545127,6.527341318167275,25.659350838021503,-27.97273476331947,-66.12713970412685
651,2017,1,CHACO,7.307905398272823,7.65022534015797,28.62166053842791,-26.86207729911804,-60.15511735633289
652,2017,1,CHUBUT,3.4433862008733622,10.932503392025788,35.662220237763016,-44.077151734192086,-68.66765299463769
653,2017,1,CORDOBA,6.799477637369997,17.652242570602198,57.65332959287443,-31.846608244153405,-63.96214628932277
654,2017,1,CORRIENTES,6.43297127701597,8.147787146784857,30.940600109644144,-28.61578113415668,-57.97533573736128
655,2017,1,ENTRE RIOS,5.9514745757075245,13.427434245008817,44.907273687041226,-31.925167566210387,-59.26302098168299
656,2017,1,FORMOSA,5.742388931901572,5.050590921688212,19.842489178645863,-25.09315954739276,-59.46860152020448
657,2017,1,JUJUY,4.393861259634748,5.81976940765058,22.756985962232346,-23.523573011085336,-65.43805280478172
658,2017,1,LA PAMPA,3.2208135842183347,20.64904971242997,62.66928104575163,-36.47714174789248,-64.4553406128059
659,2017,1,LA RIOJA,5.427180473372781,4.311444393660782,16.19552414605418,-29.330863895517307,-67.13983451857555
660,2017,1,MENDOZA,3.5072942051440963,8.886706245725367,31.843012770179666,-33.368795530481485,-68.68534600457129
661,2017,1,MISIONES,7.341041988916319,8.041713210556319,29.522202363131044,-27.058215458325986,-54.96724865075839
662,2017,1,NEUQUEN,6.0348361444213925,18.166254008454768,61.02302006782746,-38.49954335558701,-69.8742115743201
663,2017,1,RIO NEGRO,4.449448877971685,14.158945655638249,46.02953874119518,-39.89645026413934,-67.6105113380815
664,2017,1,SALTA,5.335371217821875,7.8901262912821775,32.57548931482305,-24.248013631473587,-64.70250708135784
665,2017,1,SAN JUAN,3.492435161246428,6.887390312005832,27.03676098842391,-31.31442612644254,-68.50334378949645
666,2017,1,SAN LUIS,3.502824149975052,2.7319835263877543,9.545500193678896,-32.98264595285886,-65.88683861327827
667,2017,1,SANTA CRUZ,3.591930075636318,7.89382704275053,26.52499173785465,-48.863730255517886,-69.86373350526509
668,2017,1,SANTA FE,6.284036486892411,16.34225474583628,51.970107692080425,-31.64634283294476,-61.04726054930406
669,2017,1,SANTIAGO DEL ESTERO,4.948965833284994,3.648850889800999,14.702119493368588,-27.784103764741893,-63.62189998971087
670,2017,1,TIERRA DEL FUEGO,3.476761467376085,20.43548670566672,68.91974851288131,-62.35015217161648,-59.53190998460846
671,2017,1,TUCUMAN,5.8755073256955805,9.388852799951817,37.90016075894098,-26.998180477681764,-65.29453734502505
672,2016,4,BUENOS AIRES,6.3515464502603125,18.578640735833822,61.236587430356856,-35.633728326052875,-59.695392866402734
674,2016,4,CATAMARCA,4.885711305119858,6.720813040873304,26.543515589961917,-27.97273476331947,-66.12713970412685
675,2016,4,CHACO,7.077531005919823,7.653240095890541,28.786656085255263,-26.86207729911804,-60.15511735633289
676,2016,4,CHUBUT,3.407191291444817,10.959254911598952,36.07290546427898,-44.077151734192086,-68.66765299463769
677,2016,4,CORDOBA,6.4667403639056085,17.57129145976522,57.696719154378975,-31.846608244153405,-63.96214628932277
678,2016,4,CORRIENTES,6.236245604077509,8.119896031116928,30.98107037649768,-28.61578113415668,-57.97533573736128
679,2016,4,ENTRE RIOS,5.807350829127614,13.451982739190726,45.208402854677,-31.925167566210387,-59.26302098168299
680,2016,4,FORMOSA,5.630674164916322,5.02928480990009,19.84823607816392,-25.09315954739276,-59.46860152020448
681,2016,4,JUJUY,4.323962745742035,5.758804384392255,22.651387008241425,-23.523573011085336,-65.43805280478172
682,2016,4,LA PAMPA,3.189559729749796,20.6707608364078,63.016182768654026,-36.47714174789248,-64.4553406128059
683,2016,4,LA RIOJA,5.34376242721422,4.350562085368715,16.45531638401623,-29.330863895517307,-67.13983451857555
684,2016,4,MENDOZA,3.506603469745376,8.910941733480245,32.10735338479002,-33.368795530481485,-68.68534600457129
685,2016,4,MISIONES,7.109475809101364,8.047024567428018,29.720149807797423,-27.058215458325986,-54.96724865075839
686,2016,4,NEUQUEN,5.678446306542373,17.993247493890816,60.873667228199054,-38.49954335558701,-69.8742115743201
687,2016,4,RIO NEGRO,4.369930463165329,14.170250609480686,46.38521035065572,-39.89645026413934,-67.6105113380815
688,2016,4,SALTA,5.220883577846971,7.865487548426057,32.69411973937546,-24.248013631473587,-64.70250708135784
689,2016,4,SAN JUAN,3.491135554044867,6.913287316652287,27.292421452197058,-31.31442612644254,-68.50334378949645
690,2016,4,SAN LUIS,3.502824149975052,2.7410268293938924,9.640682435370556,-32.98264595285886,-65.88683861327827
691,2016,4,SANTA CRUZ,3.5639164089588604,7.940780215262837,27.04676021484584,-48.863730255517886,-69.86373350526509
692,2016,4,SANTA FE,6.040233328940666,16.345011971501133,52.19105023718895,-31.64634283294476,-61.04726054930406
693,2016,4,SANTIAGO DEL ESTERO,4.866794431448622,3.719720429331573,15.067847510433346,-27.784103764741893,-63.62189998971087
694,2016,4,TIERRA DEL FUEGO,3.476761467376085,20.57132386392357,70.30526590539473,-62.35015217161648,-59.53190998460846
695,2016,4,TUCUMAN,5.7277669342021085,9.349553397483636,37.9807622036193,-26.998180477681764,-65.29453734502505
696,2016,3,BUENOS AIRES,5.914918008163684,18.295308597951934,60.14329545468815,-35.633728326052875,-59.695392866402734
698,2016,3,CATAMARCA,4.725241179958494,6.72059087375157,26.48067675746367,-27.97273476331947,-66.12713970412685
699,2016,3,CHACO,6.718220363245951,7.706877803276395,28.910749068480957,-26.86207729911804,-60.15511735633289
700,2016,3,CHUBUT,3.343866327984636,11.041169584989312,36.17869442878647,-44.077151734192086,-68.66765299463769
701,2016,3,CORDOBA,6.068526923518407,17.78550480431242,58.24381625803197,-31.846608244153405,-63.96214628932277
702,2016,3,CORRIENTES,5.958192561066714,8.161726730902307,31.066878826051184,-28.61578113415668,-57.97533573736128
703,2016,3,ENTRE RIOS,5.586427488329489,13.552371996148606,45.43514088447326,-31.925167566210387,-59.26302098168299
704,2016,3,FORMOSA,5.416131006999096,4.733748023050463,18.639708302862847,-25.09315954739276,-59.46860152020448
705,2016,3,JUJUY,4.215291130909006,5.76400350138348,22.605154265256864,-23.523573011085336,-65.43805280478172
706,2016,3,LA PAMPA,3.144998426188228,20.294829381412075,61.73178543650905,-36.47714174789248,-64.4553406128059
707,2016,3,LA RIOJA,5.076731739002066,4.529887087279927,17.074559106484113,-29.330863895517307,-67.13983451857555
708,2016,3,MENDOZA,3.50729080145311,8.930444449562124,32.08835884566649,-33.368795530481485,-68.68534600457129
709,2016,3,MISIONES,6.741222269842242,8.121652823521027,29.905385775898186,-27.058215458325986,-54.96724865075839
710,2016,3,NEUQUEN,5.292166864731292,17.862151015228427,60.21485088853954,-38.49954335558701,-69.8742115743201
711,2016,3,RIO NEGRO,4.162924282482748,14.220201565227184,46.38796536215942,-39.89645026413934,-67.6105113380815
712,2016,3,SALTA,5.052874436550483,7.955372391224448,32.95583168118035,-24.248013631473587,-64.70250708135784
713,2016,3,SAN JUAN,3.4890674462877342,6.939188629814689,27.31712713599077,-31.31442612644254,-68.50334378949645
714,2016,3,SAN LUIS,3.5030237740401677,2.7472425273887247,9.630539686885156,-32.98264595285886,-65.88683861327827
715,2016,3,SANTA CRUZ,3.53583356483625,7.932484607529773,26.835201895450695,-48.863730255517886,-69.86373350526509
716,2016,3,SANTA FE,5.6772637615647845,16.529361932364445,52.67215036886248,-31.64634283294476,-61.04726054930406
717,2016,3,SANTIAGO DEL ESTERO,4.670123087013555,3.794480871177055,15.329646578472886,-27.784103764741893,-63.62189998971087
718,2016,3,TIERRA DEL FUEGO,3.47654537746248,20.307103192524696,68.94049249100736,-62.35015217161648,-59.53190998460846
719,2016,3,TUCUMAN,5.544683260191403,9.35861636036972,37.89736341023836,-26.998180477681764,-65.29453734502505
720,2016,2,BUENOS AIRES,5.415144367004824,18.09868456828956,59.33852679105808,-35.633728326052875,-59.695392866402734
722,2016,2,CATAMARCA,4.3648359645166135,6.632980570132604,26.07418805974065,-27.97273476331947,-66.12713970412685
723,2016,2,CHACO,6.297357510958081,7.642896733294073,28.5935505552226,-26.86207729911804,-60.15511735633289
724,2016,2,CHUBUT,3.335973498985547,11.074824787933132,36.12438565556337,-44.077151734192086,-68.66765299463769
725,2016,2,CORDOBA,5.516912823002807,17.620348014320207,57.54798052828644,-31.846608244153405,-63.96214628932277
726,2016,2,CORRIENTES,5.601822569524247,8.053039893831306,30.58016204661656,-28.61578113415668,-57.97533573736128
727,2016,2,ENTRE RIOS,5.131142783301248,13.377306134693264,44.73887454518738,-31.925167566210387,-59.26302098168299
728,2016,2,FORMOSA,5.104132195866278,4.930439412017454,19.370070664564,-25.09315954739276,-59.46860152020448
729,2016,2,JUJUY,3.843353043958065,5.597761384701527,21.888281043576683,-23.523573011085336,-65.43805280478172
730,2016,2,LA PAMPA,3.146067806525381,19.91385540427254,60.43686025737927,-36.47714174789248,-64.4553406128059
731,2016,2,LA RIOJA,4.773843067001075,4.4934890589340855,16.878902611111524,-29.330863895517307,-67.13983451857555
732,2016,2,MENDOZA,3.500168567871608,8.96594364845842,32.12597179442594,-33.368795530481485,-68.68534600457129
733,2016,2,MISIONES,6.233660566754793,7.964976216879448,29.239512823021972,-27.058215458325986,-54.96724865075839
734,2016,2,NEUQUEN,4.86640695565863,17.594175765043765,59.09828553366204,-38.49954335558701,-69.8742115743201
735,2016,2,RIO NEGRO,3.976616411905147,14.224291356155328,46.24011307812744,-39.89645026413934,-67.6105113380815
736,2016,2,SALTA,4.749378935322928,7.770812428027119,32.08172602508202,-24.248013631473587,-64.70250708135784
737,2016,2,SAN JUAN,3.4883718294284334,6.964997582946448,27.34078151409113,-31.31442612644254,-68.50334378949645
738,2016,2,SAN LUIS,3.501983369175627,2.7487304539676813,9.60373385160232,-32.98264595285886,-65.88683861327827
739,2016,2,SANTA CRUZ,3.5021150276004565,7.955357767523354,26.728911725319804,-48.863730255517886,-69.86373350526509
740,2016,2,SANTA FE,5.1385985309185065,16.489119309020037,52.43647725937112,-31.64634283294476,-61.04726054930406
741,2016,2,SANTIAGO DEL ESTERO,4.309815179590645,3.943453095409565,15.888925047306124,-27.784103764741893,-63.62189998971087
742,2016,2,TIERRA DEL FUEGO,3.478692463211772,20.081326844262296,67.71824288255286,-62.35015217161648,-59.53190998460846
743,2016,2,TUCUMAN,5.200979761760874,9.22451233434258,37.23568289338424,-26.998180477681764,-65.29453734502505
744,2016,1,BUENOS AIRES,4.9921684374839135,17.53507921643952,57.33590782254113,-35.633728326052875,-59.695392866402734
746,2016,1,CATAMARCA,4.203588449295134,6.606879526910472,25.910217981190534,-27.97273476331947,-66.12713970412685
747,2016,1,CHACO,5.991472683208309,7.524734075579937,28.07514644775236,-26.86207729911804,-60.15511735633289
748,2016,1,CHUBUT,3.3796639330714164,11.115931499378869,36.0927055378499,-44.077151734192086,-68.66765299463769
749,2016,1,CORDOBA,5.156801617049669,16.972666239608547,55.283092783740216,-31.846608244153405,-63.96214628932277
750,2016,1,CORRIENTES,5.37127911707625,7.940601449315725,30.080785004133052,-28.61578113415668,-57.97533573736128
751,2016,1,ENTRE RIOS,5.084574905605243,13.142540095674788,43.84596814466226,-31.925167566210387,-59.26302098168299
752,2016,1,FORMOSA,4.872333380420963,4.858053690123639,19.041878369434937,-25.09315954739276,-59.46860152020448
753,2016,1,JUJUY,3.7712213425983374,5.491800261988138,21.41001128856396,-23.523573011085336,-65.43805280478172
754,2016,1,LA PAMPA,3.04764203627926,19.101771424266836,57.84086865504526,-36.47714174789248,-64.4553406128059
755,2016,1,LA RIOJA,4.616973938050446,4.4969582015400285,16.83351837249417,-29.330863895517307,-67.13983451857555
756,2016,1,MENDOZA,3.5028689229788785,8.990567825336337,32.12333888801278,-33.368795530481485,-68.68534600457129
757,2016,1,MISIONES,6.000968717380309,7.751215322654614,28.36765259095629,-27.058215458325986,-54.96724865075839
758,2016,1,NEUQUEN,4.420493149015266,16.65921009321782,55.75393700425406,-38.49954335558701,-69.8742115743201
759,2016,1,RIO NEGRO,3.826659196828916,14.14929460475045,45.83512638708331,-39.89645026413934,-67.6105113380815
760,2016,1,SALTA,4.741858784571524,7.611315093107192,31.315545971153234,-24.248013631473587,-64.70250708135784
761,2016,1,SAN JUAN,3.485523490760477,6.982387580659241,27.330794110004312,-31.31442612644254,-68.50334378949645
762,2016,1,SAN LUIS,3.5029004392386534,2.752950183918377,9.586346282770212,-32.98264595285886,-65.88683861327827
763,2016,1,SANTA CRUZ,3.48315808971074,8.051419802811122,26.865862521449998,-48.863730255517886,-69.86373350526509
764,2016,1,SANTA FE,4.898136028952046,16.157804349232396,51.27734085407622,-31.64634283294476,-61.04726054930406
765,2016,1,SANTIAGO DEL ESTERO,4.174011564306923,4.032855070541266,16.205749206821952,-27.784103764741893,-63.62189998971087
766,2016,1,TIERRA DEL FUEGO,3.475082632716791,19.6541853628346,65.83304163135006,-62.35015217161648,-59.53190998460846
767,2016,1,TUCUMAN,5.004036640679885,9.127106142747772,36.72477136636591,-26.998180477681764,-65.29453734502505
768,2015,4,BUENOS AIRES,4.884148905856541,17.683348856285942,58.29182182733718,-35.633728326052875,-59.695392866402734
770,2015,4,CATAMARCA,4.124268369158702,6.643394374998431,26.23945178859185,-27.97273476331947,-66.12713970412685
771,2015,4,CHACO,5.828384180790961,7.53670916277073,28.35056623514143,-26.86207729911804,-60.15511735633289
772,2015,4,CHUBUT,3.283865031613298,11.205552103480567,36.89017827786587,-44.077151734192086,-68.66765299463769
773,2015,4,CORDOBA,5.067081493268407,17.46916799414709,57.364881766079215,-31.846608244153405,-63.96214628932277
774,2015,4,CORRIENTES,5.259482120492081,7.950363156694786,30.33643144533882,-28.61578113415668,-57.97533573736128
775,2015,4,ENTRE RIOS,5.007855905299356,13.123962308090588,44.10854807300098,-31.925167566210387,-59.26302098168299
776,2015,4,FORMOSA,4.660308568580684,4.830563127165791,19.06549151678632,-25.09315954739276,-59.46860152020448
777,2015,4,JUJUY,3.7246804758922982,5.458341251601313,21.47147379391073,-23.523573011085336,-65.43805280478172
778,2015,4,LA PAMPA,2.936747707229629,19.272161272149656,58.75633720012275,-36.47714174789248,-64.4553406128059
779,2015,4,LA RIOJA,4.521671863926294,4.577775134234902,17.315778648410653,-29.330863895517307,-67.13983451857555
780,2015,4,MENDOZA,3.5017779300891023,9.015907568565332,32.48895249500142,-33.368795530481485,-68.68534600457129
781,2015,4,MISIONES,5.9022914436487,7.766317103077486,28.68665889154237,-27.058215458325986,-54.96724865075839
782,2015,4,NEUQUEN,4.355592861552936,17.22630452981118,58.2893377687955,-38.49954335558701,-69.8742115743201
783,2015,4,RIO NEGRO,3.768932299598505,14.185024658290292,46.43948111494307,-39.89645026413934,-67.6105113380815
784,2015,4,SALTA,4.673467038141578,7.599850568087338,31.593492648071862,-24.248013631473587,-64.70250708135784
785,2015,4,SAN JUAN,3.481604116955732,7.007150043164227,27.6648539357743,-31.31442612644254,-68.50334378949645
786,2015,4,SAN LUIS,3.502937425860024,2.759291577250979,9.705768984506312,-32.98264595285886,-65.88683861327827
787,2015,4,SANTA CRUZ,3.4809679619106126,8.143243109871943,27.74476906647967,-48.863730255517886,-69.86373350526509
788,2015,4,SANTA FE,4.809873774553555,16.474943169318767,52.60808978585806,-31.64634283294476,-61.04726054930406
789,2015,4,SANTIAGO DEL ESTERO,4.094101691450764,4.197822731421939,17.00497803803607,-27.784103764741893,-63.62189998971087
790,2015,4,TIERRA DEL FUEGO,3.4748248642417257,19.441920240938828,66.46220433623792,-62.35015217161648,-59.53190998460846
791,2015,4,TUCUMAN,4.882297946330778,9.122607419100431,37.06217328329588,-26.998180477681764,-65.29453734502505
792,2015,3,BUENOS AIRES,4.700597914270459,17.5478839831824,57.68868105608009,-35.633728326052875,-59.695392866402734
794,2015,3,CATAMARCA,3.884563872599747,6.5638473961451576,25.863781184637624,-27.97273476331947,-66.12713970412685
795,2015,3,CHACO,5.46643296553986,7.454020298824401,27.96307279347941,-26.86207729911804,-60.15511735633289
796,2015,3,CHUBUT,3.2790384114749496,11.233578169758337,36.81180991463324,-44.077151734192086,-68.66765299463769
797,2015,3,CORDOBA,4.867849001225086,17.430734989025318,57.08340378951846,-31.846608244153405,-63.96214628932277
798,2015,3,CORRIENTES,5.063473816782213,7.925191135920119,30.16741240901903,-28.61578113415668,-57.97533573736128
799,2015,3,ENTRE RIOS,4.766712366729086,13.027710914374044,43.67718163526334,-31.925167566210387,-59.26302098168299
800,2015,3,FORMOSA,4.166164102194515,4.783639923880968,18.83675177378525,-25.09315954739276,-59.46860152020448
801,2015,3,JUJUY,3.532724551201011,5.423454555427568,21.2703333470887,-23.523573011085336,-65.43805280478172
802,2015,3,LA PAMPA,2.9149322141427945,19.055588379965016,57.96395975091518,-36.47714174789248,-64.4553406128059
803,2015,3,LA RIOJA,4.245850575398008,4.550079085806065,17.151129442032545,-29.330863895517307,-67.13983451857555
804,2015,3,MENDOZA,3.500160951021911,9.042401990754488,32.49199583186653,-33.368795530481485,-68.68534600457129
805,2015,3,MISIONES,5.634289050903693,7.687041384274881,28.306345093436885,-27.058215458325986,-54.96724865075839
806,2015,3,NEUQUEN,4.2299439848957405,16.195213031371225,54.59931489671118,-38.49954335558701,-69.8742115743201
807,2015,3,RIO NEGRO,3.7368314562024914,14.21984560217436,46.389186656745146,-39.89645026413934,-67.6105113380815
808,2015,3,SALTA,4.4218314129775615,7.525378783060509,31.175945212858437,-24.248013631473587,-64.70250708135784
809,2015,3,SAN JUAN,3.4810928203738825,7.027462887351242,27.66538565566005,-31.31442612644254,-68.50334378949645
810,2015,3,SAN LUIS,3.502753871598256,2.7688118552652248,9.70650326873876,-32.98264595285886,-65.88683861327827
811,2015,3,SANTA CRUZ,3.4806877443585877,8.159354482038923,27.60606098342944,-48.863730255517886,-69.86373350526509
812,2015,3,SANTA FE,4.559895452402629,16.3639671637834,52.14595474084349,-31.64634283294476,-61.04726054930406
813,2015,3,SANTIAGO DEL ESTERO,3.911237321691457,4.237302719178804,17.11882253135319,-27.784103764741893,-63.62189998971087
814,2015,3,TIERRA DEL FUEGO,3.477721056932716,22.04802112197417,74.85845784033849,-62.35015217161648,-59.53190998460846
815,2015,3,TUCUMAN,4.572318667230303,9.04046893117945,36.61035952774264,-26.998180477681764,-65.29453734502505
816,2015,2,BUENOS AIRES,4.463495663548014,17.32566254457297,56.80280561439208,-35.633728326052875,-59.695392866402734
818,2015,2,CATAMARCA,3.6825082950385535,6.475144864314208,25.45341804469818,-27.97273476331947,-66.12713970412685
819,2015,2,CHACO,5.194771414259476,7.341229538625331,27.46453938839946,-26.86207729911804,-60.15511735633289
820,2015,2,CHUBUT,3.216571647485116,11.21567809935022,36.58246720458481,-44.077151734192086,-68.66765299463769
821,2015,2,CORDOBA,4.557937666200854,17.106520102782877,55.86916350781819,-31.846608244153405,-63.96214628932277
822,2015,2,CORRIENTES,4.847197637993736,7.790823368355694,29.584012668108493,-28.61578113415668,-57.97533573736128
823,2015,2,ENTRE RIOS,4.55056996750087,12.837181261223597,42.93197901645878,-31.925167566210387,-59.26302098168299
824,2015,2,FORMOSA,3.7649156840276494,4.673478484721786,18.36026720527858,-25.09315954739276,-59.46860152020448
825,2015,2,JUJUY,3.4086788431460917,5.188392481356063,20.287219077594944,-23.523573011085336,-65.43805280478172
826,2015,2,LA PAMPA,2.8626566401062417,18.685329046975877,56.70766522530004,-36.47714174789248,-64.4553406128059
827,2015,2,LA RIOJA,4.001551396208129,4.494678751214943,16.883190981963825,-29.330863895517307,-67.13983451857555
828,2015,2,MENDOZA,3.4997241088624933,9.0682944930269,32.49199583186653,-33.368795530481485,-68.68534600457129
829,2015,2,MISIONES,5.327562649676923,7.449815014930095,27.34768244882168,-27.058215458325986,-54.96724865075839
830,2015,2,NEUQUEN,4.059617737533036,15.814175161962616,53.11733659323144,-38.49954335558701,-69.8742115743201
831,2015,2,RIO NEGRO,3.666734448621427,14.14343856592951,45.97612013432327,-39.89645026413934,-67.6105113380815
832,2015,2,SALTA,4.218121645686839,7.378443804380798,30.46112384270092,-24.248013631473587,-64.70250708135784
833,2015,2,SAN JUAN,3.478919289066708,7.042097078751527,27.64305342045848,-31.31442612644254,-68.50334378949645
834,2015,2,SAN LUIS,3.5027709531013613,2.778618445940834,9.707971837203658,-32.98264595285886,-65.88683861327827
835,2015,2,SANTA CRUZ,3.47332349743749,8.058063850217536,27.072245027448236,-48.863730255517886,-69.86373350526509
836,2015,2,SANTA FE,4.303196181656382,16.093025858679276,51.17653890867876,-31.64634283294476,-61.04726054930406
837,2015,2,SANTIAGO DEL ESTERO,3.728811295360471,4.2466687085071415,17.110566632982863,-27.784103764741893,-63.62189998971087
838,2015,2,TIERRA DEL FUEGO,3.47751587628866,22.09595378004725,74.50787431664719,-62.35015217161648,-59.53190998460846
839,2015,2,TUCUMAN,4.306812767469965,8.841187690702666,35.68770560918727,-26.998180477681764,-65.29453734502505
840,2015,1,BUENOS AIRES,4.323803709346771,17.241393436944044,56.37048433026737,-35.633728326052875,-59.695392866402734
842,2015,1,CATAMARCA,3.483603660962992,6.403016990794336,25.10946633078758,-27.97273476331947,-66.12713970412685
843,2015,1,CHACO,4.899908797030372,7.143089175357747,26.649591220305552,-26.86207729911804,-60.15511735633289
844,2015,1,CHUBUT,3.213156577759796,11.585798774556787,37.61278068590792,-44.077151734192086,-68.66765299463769
845,2015,1,CORDOBA,4.304279282006848,16.79362190248589,54.69734650188214,-31.846608244153405,-63.96214628932277
846,2015,1,CORRIENTES,4.628190221393157,7.642568763996284,28.95019128190928,-28.61578113415668,-57.97533573736128
847,2015,1,ENTRE RIOS,4.3467465057866335,12.609336086982932,42.06519337351208,-31.925167566210387,-59.26302098168299
848,2015,1,FORMOSA,3.3811501123595504,4.62384901660949,18.12270367397183,-25.09315954739276,-59.46860152020448
849,2015,1,JUJUY,3.241902108598274,5.050879913471037,19.68971363262363,-23.523573011085336,-65.43805280478172
850,2015,1,LA PAMPA,2.8340995102178685,18.33234893363197,55.50803232733774,-36.47714174789248,-64.4553406128059
851,2015,1,LA RIOJA,3.780402106036489,4.462324463144091,16.703201787413843,-29.330863895517307,-67.13983451857555
852,2015,1,MENDOZA,3.499130670898351,9.059236417534116,32.36588756051825,-33.368795530481485,-68.68534600457129
853,2015,1,MISIONES,4.973004251321198,7.1884830279667495,26.305604105190643,-27.058215458325986,-54.96724865075839
854,2015,1,NEUQUEN,3.911491638198585,15.526250068921229,51.95443673810251,-38.49954335558701,-69.8742115743201
855,2015,1,RIO NEGRO,3.585297088257377,13.99387526238606,45.32694907202778,-39.89645026413934,-67.6105113380815
856,2015,1,SALTA,4.022777936163619,7.294642964784741,30.00978823344275,-24.248013631473587,-64.70250708135784
857,2015,1,SAN JUAN,3.4769891700932414,7.039582453142129,27.553192759766446,-31.31442612644254,-68.50334378949645
858,2015,1,SAN LUIS,3.5009942704654264,2.790401457622043,9.716048963760594,-32.98264595285886,-65.88683861327827
859,2015,1,SANTA CRUZ,3.474217030667377,8.391896957421542,27.994863943494483,-48.863730255517886,-69.86373350526509
860,2015,1,SANTA FE,4.063283068408137,15.832773292036377,50.24449475931921,-31.64634283294476,-61.04726054930406
861,2015,1,SANTIAGO DEL ESTERO,3.571104125126239,4.244468954778434,17.0558169911586,-27.784103764741893,-63.62189998971087
862,2015,1,TIERRA DEL FUEGO,3.453878085751408,22.16715476458662,74.23495170010268,-62.35015217161648,-59.53190998460846
863,2015,1,TUCUMAN,4.071078040242438,8.71860866450986,35.07860688538978,-26.998180477681764,-65.29453734502505
864,2014,4,BUENOS AIRES,4.198943508236657,17.0147634301905,56.09433653019754,-35.633728326052875,-59.695392866402734
866,2014,4,CATAMARCA,3.336005334797788,6.459254980059493,25.513779082748,-27.97273476331947,-66.12713970412685
867,2014,4,CHACO,3.977400363306085,5.81368220415458,21.87078320023224,-26.86207729911804,-60.15511735633289
868,2014,4,CHUBUT,3.174649158131256,12.22355578461917,40.24927468450274,-44.077151734192086,-68.66765299463769
869,2014,4,CORDOBA,4.092903062184572,16.655707331301695,54.69689679332299,-31.846608244153405,-63.96214628932277
870,2014,4,CORRIENTES,3.806112311672501,6.174655065970425,23.56243099277512,-28.61578113415668,-57.97533573736128
871,2014,4,ENTRE RIOS,3.800051787110069,10.718328095183365,36.0254708519679,-31.925167566210387,-59.26302098168299
872,2014,4,FORMOSA,3.023326617826618,4.549162969289201,17.956311361695214,-25.09315954739276,-59.46860152020448
873,2014,4,JUJUY,3.127642108190794,4.982003512117359,19.59941818052116,-23.523573011085336,-65.43805280478172
874,2014,4,LA PAMPA,2.754208730637699,16.816524623987434,51.273133452228585,-36.47714174789248,-64.4553406128059
875,2014,4,LA RIOJA,3.582023899524448,4.496901902725229,17.01075088723615,-29.330863895517307,-67.13983451857555
876,2014,4,MENDOZA,3.498767768599914,9.056377705209336,32.63838187615034,-33.368795530481485,-68.68534600457129
877,2014,4,MISIONES,4.025619961413459,6.540662222041546,24.162430605588312,-27.058215458325986,-54.96724865075839
878,2014,4,NEUQUEN,3.850772582597391,15.52866412077054,52.55498969724957,-38.49954335558701,-69.8742115743201
879,2014,4,RIO NEGRO,3.543129254254254,13.88953018584786,45.47806275120403,-39.89645026413934,-67.6105113380815
880,2014,4,SALTA,3.862259431502549,7.103785883014793,29.534861619577978,-24.248013631473587,-64.70250708135784
881,2014,4,SAN JUAN,3.4752201692281126,7.100961754619733,28.037145714560676,-31.31442612644254,-68.50334378949645
882,2014,4,SAN LUIS,3.503621206358865,2.781956955527201,9.786393366351197,-32.98264595285886,-65.88683861327827
883,2014,4,SANTA CRUZ,3.3330261837139634,8.15757414246012,27.802678969652344,-48.863730255517886,-69.86373350526509
884,2014,4,SANTA FE,3.780707860716513,15.657532856900756,49.99962302348271,-31.64634283294476,-61.04726054930406
885,2014,4,SANTIAGO DEL ESTERO,3.4582244726597287,4.26296198713424,17.26920158364512,-27.784103764741893,-63.62189998971087
886,2014,4,TIERRA DEL FUEGO,3.4747244698924056,19.341882280727507,66.13781947338316,-62.35015217161648,-59.53190998460846
887,2014,4,TUCUMAN,3.860612310244953,8.693215352295233,35.32087516932818,-26.998180477681764,-65.29453734502505
888,2014,3,BUENOS AIRES,3.969046991173242,17.26299843234104,56.75473916407103,-35.633728326052875,-59.695392866402734
890,2014,3,CATAMARCA,2.915176175040519,6.269890252791938,24.706121305327624,-27.97273476331947,-66.12713970412685
891,2014,3,CHACO,3.461947812450996,5.627757222300207,21.112666705262427,-26.86207729911804,-60.15511735633289
892,2014,3,CHUBUT,3.165741790763976,12.388234071451354,40.59867094427454,-44.077151734192086,-68.66765299463769
893,2014,3,CORDOBA,3.6600622495599104,16.5601374978714,54.23361028299935,-31.846608244153405,-63.96214628932277
894,2014,3,CORRIENTES,3.410927776641118,5.9862826719116935,22.78753503515243,-28.61578113415668,-57.97533573736128
895,2014,3,ENTRE RIOS,3.3996079417526825,10.433826435850124,34.981647333712985,-31.925167566210387,-59.26302098168299
896,2014,3,FORMOSA,2.656283015230384,4.5129252671268265,17.771314831468263,-25.09315954739276,-59.46860152020448
897,2014,3,JUJUY,2.9307053902518616,4.68339443034039,18.368534215570367,-23.523573011085336,-65.43805280478172
898,2014,3,LA PAMPA,2.816519545748315,18.33753400191527,55.78120173850417,-36.47714174789248,-64.4553406128059
899,2014,3,LA RIOJA,3.095178784641488,4.379035874747908,16.50671327406722,-29.330863895517307,-67.13983451857555
900,2014,3,MENDOZA,3.5028531768490665,8.992236937014606,32.313179561655694,-33.368795530481485,-68.68534600457129
901,2014,3,MISIONES,3.5775238575714927,6.399773666851879,23.567356954345527,-27.058215458325986,-54.96724865075839
902,2014,3,NEUQUEN,3.7429104879160966,16.726688649309313,56.39541102706976,-38.49954335558701,-69.8742115743201
903,2014,3,RIO NEGRO,3.4799791702900404,14.159932806209634,46.19618715783015,-39.89645026413934,-67.6105113380815
904,2014,3,SALTA,3.4109103624880306,7.053549273694012,29.2226843537979,-24.248013631473587,-64.70250708135784
905,2014,3,SAN JUAN,3.473725985590389,7.0752480415613945,27.854244478102743,-31.31442612644254,-68.50334378949645
906,2014,3,SAN LUIS,3.503113190184049,2.770051341285783,9.711210759672754,-32.98264595285886,-65.88683861327827
907,2014,3,SANTA CRUZ,3.3073222601557406,8.34323913237982,28.231942904274984,-48.863730255517886,-69.86373350526509
908,2014,3,SANTA FE,3.375592912249111,15.43798865461788,49.19588444557267,-31.64634283294476,-61.04726054930406
909,2014,3,SANTIAGO DEL ESTERO,3.0995465103889184,4.082169590293595,16.49220390830193,-27.784103764741893,-63.62189998971087
910,2014,3,TIERRA DEL FUEGO,3.470981711419659,19.344392262780588,65.68610204476191,-62.35015217161648,-59.53190998460846
911,2014,3,TUCUMAN,3.349897526769352,8.381678430058432,33.94375582221807,-26.998180477681764,-65.29453734502505
912,2014,2,BUENOS AIRES,3.851862760043666,16.794925434991658,55.06141695143392,-35.633728326052875,-59.695392866402734
914,2014,2,CATAMARCA,2.915358424826804,6.284355435383139,24.703118860058403,-27.97273476331947,-66.12713970412685
915,2014,2,CHACO,3.4206301023632,5.602127567276613,20.95799636749445,-26.86207729911804,-60.15511735633289
916,2014,2,CHUBUT,3.156405252857589,12.696289361395674,41.41020981991258,-44.077151734192086,-68.66765299463769
917,2014,2,CORDOBA,3.5567859606832632,16.365408420405306,53.448126115626,-31.846608244153405,-63.96214628932277
918,2014,2,CORRIENTES,3.3669705989802563,5.945267054468535,22.575613003243586,-28.61578113415668,-57.97533573736128
919,2014,2,ENTRE RIOS,3.312400309974538,10.372072065869386,34.687432371459764,-31.925167566210387,-59.26302098168299
920,2014,2,FORMOSA,2.6523512500000006,4.464869672895974,17.54041175485166,-25.09315954739276,-59.46860152020448
921,2014,2,JUJUY,2.7690316794782204,4.784095434078587,18.706060999413573,-23.523573011085336,-65.43805280478172
922,2014,2,LA PAMPA,2.684576055426866,16.379048903362197,49.70759616034458,-36.47714174789248,-64.4553406128059
923,2014,2,LA RIOJA,3.095153343388638,4.393383418787844,16.502564816345664,-29.330863895517307,-67.13983451857555
924,2014,2,MENDOZA,3.503033182060705,8.95860097015214,32.098238150241194,-33.368795530481485,-68.68534600457129
925,2014,2,MISIONES,3.540023885712756,6.365807425994047,23.367747601299843,-27.058215458325986,-54.96724865075839
926,2014,2,NEUQUEN,3.6647043380451545,15.137568029498311,50.84274905844866,-38.49954335558701,-69.8742115743201
927,2014,2,RIO NEGRO,3.4286257504445143,13.946569423268942,45.33491032014632,-39.89645026413934,-67.6105113380815
928,2014,2,SALTA,3.391137751108792,7.004015501526469,28.91459400086288,-24.248013631473587,-64.70250708135784
929,2014,2,SAN JUAN,3.4724840645935795,7.077771062624967,27.782697817958912,-31.31442612644254,-68.50334378949645
930,2014,2,SAN LUIS,3.5041044810417468,2.781512264860477,9.717910199871824,-32.98264595285886,-65.88683861327827
931,2014,2,SANTA CRUZ,3.3181516601634398,8.744673181156902,29.377007153054272,-48.863730255517886,-69.86373350526509
932,2014,2,SANTA FE,3.3116910410979234,15.216957428230304,48.39035138670138,-31.64634283294476,-61.04726054930406
933,2014,2,SANTIAGO DEL ESTERO,3.0697509211495944,4.143683147939005,16.695567347354444,-27.784103764741893,-63.62189998971087
934,2014,2,TIERRA DEL FUEGO,3.470095986812908,19.08631433655622,64.35604517159936,-62.35015217161648,-59.53190998460846
935,2014,2,TUCUMAN,3.34994476711167,8.409488588173268,33.94452688568229,-26.998180477681764,-65.29453734502505
936,2014,1,BUENOS AIRES,3.7331327999829305,16.692346018019045,54.57007287943976,-35.633728326052875,-59.695392866402734
938,2014,1,CATAMARCA,2.8027344007923407,6.184614520776599,24.251751254585557,-27.97273476331947,-66.12713970412685
939,2014,1,CHACO,3.2558373037444444,5.553671463702625,20.71853886384081,-26.86207729911804,-60.15511735633289
940,2014,1,CHUBUT,3.1759166751464583,12.703590133239262,41.23521807972435,-44.077151734192086,-68.66765299463769
941,2014,1,CORDOBA,3.3874045815248133,16.125183143749393,52.51784754400632,-31.846608244153405,-63.96214628932277
942,2014,1,CORRIENTES,3.2186250823491607,5.891708288681968,22.31671671383888,-28.61578113415668,-57.97533573736128
943,2014,1,ENTRE RIOS,3.1672900899827185,10.302247104839328,34.367121821250166,-31.925167566210387,-59.26302098168299
944,2014,1,FORMOSA,2.573729210919676,4.444467754793774,17.418451079368708,-25.09315954739276,-59.46860152020448
945,2014,1,JUJUY,2.690263349406857,4.724302778829112,18.41535244687765,-23.523573011085336,-65.43805280478172
946,2014,1,LA PAMPA,2.64721042446136,15.994061954006703,48.42532103828204,-36.47714174789248,-64.4553406128059
947,2014,1,LA RIOJA,2.964740372987079,4.353174900044055,16.294104815837528,-29.330863895517307,-67.13983451857555
948,2014,1,MENDOZA,3.502680556555116,8.933318322823283,31.91312298660578,-33.368795530481485,-68.68534600457129
949,2014,1,MISIONES,3.403126267679909,6.323160981949705,23.13653864847733,-27.058215458325986,-54.96724865075839
950,2014,1,NEUQUEN,3.5493016508254125,14.882265766507492,49.79160519138556,-38.49954335558701,-69.8742115743201
951,2014,1,RIO NEGRO,3.353796318189495,13.867842232252002,44.913957131788514,-39.89645026413934,-67.6105113380815
952,2014,1,SALTA,3.3009019792545207,6.976877486214764,28.69955950963068,-24.248013631473587,-64.70250708135784
953,2014,1,SAN JUAN,3.4691384597491712,7.050796578649686,27.59549302299609,-31.31442612644254,-68.50334378949645
954,2014,1,SAN LUIS,3.5028153221310823,2.684668505334274,9.347207842190002,-32.98264595285886,-65.88683861327827
955,2014,1,SANTA CRUZ,3.315991479820628,8.677326900880571,28.939093063577776,-48.863730255517886,-69.86373350526509
956,2014,1,SANTA FE,3.1474068452786788,15.077800919408592,47.84766256547095,-31.64634283294476,-61.04726054930406
957,2014,1,SANTIAGO DEL ESTERO,2.949471721499205,4.058899015580628,16.309923503967603,-27.784103764741893,-63.62189998971087
958,2014,1,TIERRA DEL FUEGO,3.446887937323564,19.10492102645171,63.965925574153744,-62.35015217161648,-59.53190998460846
959,2014,1,TUCUMAN,3.208341823551126,8.307214637543202,33.4209747934719,-26.998180477681764,-65.29453734502505
